product_id,seller,price,onsale,description
fabc3a9a-89b9-48b6-a588-5ba6dae116c5,GoldenHarbor Emporium,376,false,Compact and energy-efficient
283781d9-c36b-4c44-b299-34d091bf7420,ElysianEssentials Sellers,866,true,This eco-friendly and reusable bottle
3fa07efc-3df7-446c-8241-017b6cb90615,VelvetBoutique Finds,315,false,Compact and energy-efficient
585716ef-c63c-475f-ae86-5121b6340903,SwiftTrade Emporium,797,true,Crystal-clear sound
ddd4d489-9cd2-48d2-8ca2-84636e640e33,UrbanGlow,68,false,This eco-friendly and reusable bottle
e5d4a80f-5cb6-4692-96a1-a4fc248d93a3,VelvetBoutique Finds,485,true,Compact and energy-efficient
411b7409-5d72-403b-9da2-54813eaaf1d1,ElysianEssentials Sellers,487,true,Versatile and portable
05371fac-f7e7-4c7a-96f2-5b02e52a03c7,VelvetBoutique Finds,407,true,Versatile and portable
fc340e4d-560e-41f1-bd69-2c302498c512,QuantumGoods Co.,411,false,This eco-friendly and reusable bottle
ede1cb94-481c-4696-afac-26aeb101091b,GoldenHarbor Emporium,381,true,Crystal-clear sound
47d3fe99-57e9-4228-95fa-261f5ad014e3,GoldenHarbor Emporium,221,true,Stay connected and monitor your health
21246cd6-3086-4c56-b9ac-1c47d083769b,ElysianEssentials Sellers,924,false,Crystal-clear sound
d5dce061-2609-433d-a501-27751a72bb20,QuantumGoods Co.,264,true,Enjoy the soothing scents
54cbf617-3199-4b84-8444-d25dfe6d9940,NovaCraft Retail,717,true,Compact and energy-efficient
c7154f21-4bb0-414a-ac91-12b62f7be0d4,UrbanGlow,765,false,Stay connected and monitor your health
214ba06e-267f-4075-aa32-039f8b878082,UrbanGlow,386,false,Compact and energy-efficient
9fdbfaae-4160-4063-b4b9-f72bbd082937,ElysianEssentials Sellers,941,true,Provides the perfect surface
133bbf61-2e01-4efb-abdb-ece326d7c21a,NovaCraft Retail,230,true,Stay connected and monitor your health
0f9b58c7-fcfb-4826-837f-305f05df3d4e,UrbanGlow,641,false,Provides the perfect surface
d6dfe69c-c292-47b2-9b6e-faec392a303c,UrbanGlow,78,true,Stay connected and monitor your health
361f5df8-d446-45ea-87c5-3341e7f6fe35,QuantumGoods Co.,847,false,Enjoy the soothing scents
46facc76-bff8-451e-85dc-afeab11fd31b,ElysianEssentials Sellers,619,true,Versatile and portable
aedf13db-bd17-43e2-a3c6-b4babfd761e4,SwiftTrade Emporium,961,false,Provides the perfect surface
9677ddc0-9ddb-43da-8657-5c6671220269,NovaCraft Retail,580,false,Crystal-clear sound
cccabff8-50a0-48c4-a07d-855b28eccef2,SwiftTrade Emporium,450,false,Versatile and portable
14c3d647-41ff-422a-8aec-8ad616af121f,GoldenHarbor Emporium,542,false,Compact and energy-efficient
fe877815-dcba-4724-bf8c-069dc7df3925,UrbanGlow,822,true,Crystal-clear sound
e4c8ca02-c34a-407d-ae50-14e77bff1c8e,UrbanGlow,742,true,Versatile and portable
274f63a2-efbd-4bd2-a40c-f54fe1d2cb14,GoldenHarbor Emporium,343,true,This eco-friendly and reusable bottle
8554bc21-63c0-4e61-893f-115688ef4e66,NovaCraft Retail,217,true,This eco-friendly and reusable bottle
426160aa-bb3b-46ac-859e-b19e612664ce,GoldenHarbor Emporium,119,false,Enjoy the soothing scents
fe430950-fca7-4e16-9509-3ec859769918,QuantumGoods Co.,883,false,Provides the perfect surface
087d7aea-4c39-46b4-a25f-b32c3896d909,SwiftTrade Emporium,852,false,Versatile and portable
d2ad6e70-7de8-404f-8359-e3a4d35fd434,VelvetBoutique Finds,596,true,Versatile and portable
9d3a6bba-1985-4d18-9347-a913bd87ef19,VelvetBoutique Finds,247,false,Crystal-clear sound
c0432a80-c0a0-4d22-b088-31bb87862c79,VelvetBoutique Finds,328,false,Compact and energy-efficient
b56abe94-8cce-4e7a-aad2-7d25cb899548,VelvetBoutique Finds,153,true,Provides the perfect surface
edadc326-bee3-4753-b94d-286870c48942,QuantumGoods Co.,160,false,Versatile and portable
bb080d8f-7f5e-4c13-8af9-8d7fc6a37d9e,NovaCraft Retail,414,true,Compact and energy-efficient
818019d8-0849-4767-a456-c735e8c30c4a,QuantumGoods Co.,956,false,Provides the perfect surface
87f4eb3a-5bd3-49de-9783-5e5875801270,QuantumGoods Co.,664,false,This eco-friendly and reusable bottle
a23fc4a6-4b51-46dc-815c-2b90dd4a11fe,SwiftTrade Emporium,37,false,Provides the perfect surface
bbd8571d-ed29-48be-ab2d-ecb1c4c6b3ea,VelvetBoutique Finds,621,true,Versatile and portable
270a5b50-3475-4267-b088-11532eac60e9,SwiftTrade Emporium,304,true,Stay connected and monitor your health
5021020c-57e3-4dc8-bf0e-6ff1243bb95b,NovaCraft Retail,720,true,Versatile and portable
322f5344-9dd8-4c37-a75b-a1e3341d5ccf,SwiftTrade Emporium,738,false,Crystal-clear sound
565240f2-400f-4e7a-93d7-06c9d9f1d412,QuantumGoods Co.,236,true,This eco-friendly and reusable bottle
718b032e-3ba8-4704-8260-50a84566033c,VelvetBoutique Finds,715,true,Versatile and portable
bb2bfb7d-c9d5-4fb0-8c51-bf9e72b9bc15,GoldenHarbor Emporium,618,true,Compact and energy-efficient
9acb6a37-d801-4a0d-9130-6fe5c157c7b1,VelvetBoutique Finds,292,true,Enjoy the soothing scents
964bbf81-99af-4970-bd20-ab81411b4f3f,NovaCraft Retail,466,false,This eco-friendly and reusable bottle
1130c4d7-9210-4c45-b9a2-77d07a024b9f,ElysianEssentials Sellers,590,true,Crystal-clear sound
0bfa1420-0b0a-4ab4-8cf8-ed2756f00a71,ElysianEssentials Sellers,133,true,Enjoy the soothing scents
a7d56c39-ab09-450f-a078-4ba80d137fb8,NovaCraft Retail,914,true,Provides the perfect surface
509a43ee-48f4-49ce-bb66-be83d1cda24c,ElysianEssentials Sellers,152,false,Versatile and portable
b19cc282-738f-477b-9e02-ddc9758a496a,UrbanGlow,386,true,Stay connected and monitor your health
92207656-10be-477d-a73c-6ad85b9f2048,GoldenHarbor Emporium,747,false,Provides the perfect surface
b2584048-061d-44c0-b946-05b40c4e57cb,GoldenHarbor Emporium,352,true,This eco-friendly and reusable bottle
24ff96d4-6d63-4c22-88e1-62e2f3c59116,VelvetBoutique Finds,295,true,This eco-friendly and reusable bottle
77f4aede-bd0d-4f0b-93bb-884e19ab9170,QuantumGoods Co.,141,false,Versatile and portable
fef2423a-a27d-4cfa-9fbe-c098bc89f6f4,ElysianEssentials Sellers,874,true,Crystal-clear sound
a4f28c5d-6fad-4d9f-b001-0911f7a15096,ElysianEssentials Sellers,401,true,Enjoy the soothing scents
b2dd3cf2-c917-42d7-9a21-d8836546bbad,SwiftTrade Emporium,677,false,Versatile and portable
8a358b3c-21c7-4f6b-b21b-96726fd13f11,SwiftTrade Emporium,216,true,Provides the perfect surface
14486153-fc8b-42fe-b2ed-96cb78a00047,VelvetBoutique Finds,60,true,Provides the perfect surface
90736edf-39fa-43f3-989e-397f20160c16,SwiftTrade Emporium,868,true,Versatile and portable
f95dd7ed-486f-4a64-aae5-437e98fde5a6,SwiftTrade Emporium,898,true,Provides the perfect surface
0e1fbf9b-d245-46a5-bd39-87e6b925a326,QuantumGoods Co.,699,true,Versatile and portable
d00bd846-54f5-4f89-adf8-563957305a96,GoldenHarbor Emporium,962,true,Compact and energy-efficient
46100ca9-5146-4305-9817-9276963da695,UrbanGlow,450,true,Stay connected and monitor your health
7437d58c-f482-470b-86e0-a9db6b6b23ad,UrbanGlow,489,true,Enjoy the soothing scents
cdd31db9-9752-4a65-8679-0ff1fd40eefd,VelvetBoutique Finds,699,true,Versatile and portable
fb709776-efaa-4272-a815-bb04417cb8c5,GoldenHarbor Emporium,54,true,Provides the perfect surface
6df85745-fcc6-4834-a632-0a3cc275039c,VelvetBoutique Finds,812,false,Versatile and portable
71d22999-3797-413c-9d41-982290cc28c8,UrbanGlow,558,false,This eco-friendly and reusable bottle
eaca4dc7-9c30-45e8-a486-04fba8e4015a,GoldenHarbor Emporium,263,true,Provides the perfect surface
83d3187c-75d5-4aec-8c35-279c7b5e8d5e,SwiftTrade Emporium,857,false,Stay connected and monitor your health
58343d5f-162f-466d-a143-200a61605b82,NovaCraft Retail,961,false,Provides the perfect surface
9d8fcb4f-97c8-4a4e-96bd-68dc7c159055,QuantumGoods Co.,893,false,Crystal-clear sound
a8371f57-995a-43de-ba1c-adb4cb4d50af,GoldenHarbor Emporium,48,false,Enjoy the soothing scents
e56f03d1-d39e-459f-a891-cfc0bde4c6b7,ElysianEssentials Sellers,549,false,Stay connected and monitor your health
e0fbfba9-22f7-4e9c-a47c-9bd6a944b53d,UrbanGlow,522,true,Versatile and portable
a0ac8c0d-28a3-4d37-b0e1-87ef4f8a6df8,ElysianEssentials Sellers,810,true,Enjoy the soothing scents
690d7035-7e81-4eca-a877-0922a0355043,UrbanGlow,216,false,Provides the perfect surface
8919808f-1af1-4c45-9335-9203987104e4,GoldenHarbor Emporium,811,true,Enjoy the soothing scents
35847cd4-d83d-4429-923e-650aa8473980,UrbanGlow,328,true,Crystal-clear sound
537b69d5-9b6d-47c5-8c04-cf92a537d69e,QuantumGoods Co.,934,false,Crystal-clear sound
6dfeb288-3a19-4046-80f2-c1f2451f36bc,UrbanGlow,997,true,This eco-friendly and reusable bottle
2f20f26f-9937-4485-bfa7-bb7514d377a8,UrbanGlow,264,false,This eco-friendly and reusable bottle
8244a2a7-0918-4110-978b-edd6bc030bc0,UrbanGlow,526,true,Crystal-clear sound
6a1c2c2b-7944-4af4-b969-d765381c2657,QuantumGoods Co.,479,false,Provides the perfect surface
641a2e94-751d-4f39-b727-b49a18762595,NovaCraft Retail,855,true,Compact and energy-efficient
bb1feacd-b128-4684-9eeb-00ffaa53f2f5,SwiftTrade Emporium,211,false,Crystal-clear sound
e2954c14-f91b-4b9a-8e08-df1942963154,VelvetBoutique Finds,85,false,Compact and energy-efficient
96cd5992-7742-45d8-acb2-27d0882f5e53,SwiftTrade Emporium,316,true,This eco-friendly and reusable bottle
f03aee54-394c-4b52-97a4-7ac9aa16d1b5,QuantumGoods Co.,149,false,Stay connected and monitor your health
bfbf4b14-a690-4e34-8dca-28e2ba262f65,UrbanGlow,235,false,Compact and energy-efficient
9d31d10e-ad33-4aca-935a-3db136afbf97,VelvetBoutique Finds,661,true,Provides the perfect surface
6016dfb5-1950-4c89-a70f-4cb5bcdbc0b4,SwiftTrade Emporium,988,false,Enjoy the soothing scents
63401563-86ad-4036-b1ed-85fd9532e9cd,NovaCraft Retail,665,true,Compact and energy-efficient
d6b5b046-dfc3-41e9-884d-8369493de255,VelvetBoutique Finds,145,false,Provides the perfect surface
52070992-fc7e-48ed-baee-75ebd05e6a9f,ElysianEssentials Sellers,907,true,This eco-friendly and reusable bottle
e9567476-6c03-4e4b-a7a3-1eb88a5e4d00,ElysianEssentials Sellers,183,true,Compact and energy-efficient
dedc0231-3cd5-4c85-a154-7494169a7154,QuantumGoods Co.,217,true,Crystal-clear sound
ab5f5cec-ce17-4e14-b5cf-7ed925c3145b,SwiftTrade Emporium,705,true,Compact and energy-efficient
04e9fcea-3e92-476e-a23c-ae9e7866212b,QuantumGoods Co.,260,false,Enjoy the soothing scents
247d9c42-1f0f-41a8-93ea-e3fe70191a7e,NovaCraft Retail,883,false,Compact and energy-efficient
832222c3-decc-4dd3-b37e-9e291dd4fe5f,VelvetBoutique Finds,585,true,Compact and energy-efficient
c2e28caf-7b4f-4684-80dd-f4be6a705ccc,ElysianEssentials Sellers,941,true,Enjoy the soothing scents
8a144d59-d2a9-40d7-b561-53a49b741763,NovaCraft Retail,266,true,Crystal-clear sound
e8663ab5-8a5f-4d7a-bceb-d063bef54743,QuantumGoods Co.,565,true,This eco-friendly and reusable bottle
4d61316f-0f25-4e07-ad7d-3c6cda7b7e1d,QuantumGoods Co.,448,false,Versatile and portable
d7556fd4-7aae-414d-96fa-482e3aa39d4b,GoldenHarbor Emporium,934,true,Crystal-clear sound
c4c7854c-e90a-44fa-bf14-0e6bb00cfda6,SwiftTrade Emporium,270,false,Versatile and portable
61b37031-4351-4d36-ac0b-d7b11fbb6e6d,GoldenHarbor Emporium,230,true,This eco-friendly and reusable bottle
ad3f48fa-58a9-4e69-84f2-a613afe0ca96,ElysianEssentials Sellers,818,false,This eco-friendly and reusable bottle
5270963f-7441-4cb4-8516-f3ceaef192b3,NovaCraft Retail,616,true,Enjoy the soothing scents
120dbbea-f1bf-4ce0-b704-13d833466c11,UrbanGlow,972,false,Crystal-clear sound
18836a85-705f-42d9-8b88-f07f1773b1ab,QuantumGoods Co.,663,true,Provides the perfect surface
d195a636-008b-4611-a9dd-8811b3c2538d,UrbanGlow,545,true,This eco-friendly and reusable bottle
d2558d5b-d19b-4ea7-b304-3322254a895f,QuantumGoods Co.,359,false,Provides the perfect surface
957ecee2-17a9-4e50-9ab8-e308e66bf7bd,UrbanGlow,316,false,Stay connected and monitor your health
2ff4eb0a-d1f2-484c-a484-75f230391280,UrbanGlow,119,true,Compact and energy-efficient
5a8211b1-438f-4485-b835-f361bca65c3c,UrbanGlow,624,false,Provides the perfect surface
55010015-1b16-40b0-a197-4835dfada79c,ElysianEssentials Sellers,473,false,This eco-friendly and reusable bottle
276b20fb-fcce-49f5-9210-f2d396b87a4a,UrbanGlow,19,true,Provides the perfect surface
fad55353-8dda-46bc-b9b3-66d4c8ccfa76,NovaCraft Retail,836,false,Compact and energy-efficient
9e46ccb3-0a53-4d8c-a9d3-bdb853bdc905,VelvetBoutique Finds,440,false,Compact and energy-efficient
d2522a4a-0768-4e34-9782-db6d32f89857,NovaCraft Retail,215,false,This eco-friendly and reusable bottle
74ac0100-bdef-4c0c-9f1c-d9a7d32e7000,UrbanGlow,354,true,Enjoy the soothing scents
c95e21cf-be7e-4891-a929-91315fd88cc6,VelvetBoutique Finds,666,true,Provides the perfect surface
091039c9-5993-4215-ac55-ef8475d41823,SwiftTrade Emporium,612,false,This eco-friendly and reusable bottle
007a6815-8ad8-486a-8335-eae08828d364,VelvetBoutique Finds,386,false,Stay connected and monitor your health
c8a70914-25d5-4540-b92e-273f02c72d81,SwiftTrade Emporium,22,false,Crystal-clear sound
3b0a0dde-c794-406c-bbf8-526b28721be4,NovaCraft Retail,549,true,Crystal-clear sound
a264b961-b85c-46de-ad36-95ef9a38a137,GoldenHarbor Emporium,370,false,This eco-friendly and reusable bottle
6dd8a67e-5107-4ec1-ad2c-c9d7e8aad275,SwiftTrade Emporium,385,false,Versatile and portable
2a8e270a-fd1c-4ec9-b817-66b0cc06b268,NovaCraft Retail,321,true,Versatile and portable
f3f78166-a616-4ee4-91d5-fe33ded121e8,GoldenHarbor Emporium,70,true,Enjoy the soothing scents
f1448b72-0113-4b54-a6b5-b0ed27681617,SwiftTrade Emporium,334,true,This eco-friendly and reusable bottle
0f5f117e-5c76-4724-a785-89b4c0091fc9,VelvetBoutique Finds,941,true,This eco-friendly and reusable bottle
365b1c0b-5c4c-41eb-a853-c346225e222e,ElysianEssentials Sellers,660,true,Crystal-clear sound
9204f66c-4ca9-42f3-8f23-a85af3cd347c,UrbanGlow,42,true,Stay connected and monitor your health
5c963d7c-17f1-4d73-8db8-05f6e28acbce,QuantumGoods Co.,452,false,Provides the perfect surface
9b57e59a-08da-4922-822a-52d6eb09babb,GoldenHarbor Emporium,350,false,Provides the perfect surface
1a85a842-d202-4381-8720-02b0774180c4,VelvetBoutique Finds,144,false,Versatile and portable
3100ff1e-c329-471a-ada5-371b9eaac168,ElysianEssentials Sellers,128,false,This eco-friendly and reusable bottle
f0b80865-b4d8-43cd-a176-dd3de584d285,VelvetBoutique Finds,822,false,Provides the perfect surface
a2efe1ea-0705-4204-9905-73312dae449c,UrbanGlow,255,true,Enjoy the soothing scents
c502ec80-490a-4f16-ba67-e9e1c49a31ca,VelvetBoutique Finds,258,false,Crystal-clear sound
d28443b4-a064-47a7-ba56-ea97be288016,NovaCraft Retail,167,false,Compact and energy-efficient
8acbf57e-e925-47a8-a1ad-0e85cfacb92a,GoldenHarbor Emporium,595,true,Provides the perfect surface
624d76e1-a3f1-4844-b616-ece6e0ad86ad,NovaCraft Retail,384,true,This eco-friendly and reusable bottle
ae54b90c-9718-41df-b5af-aa91951a7de4,SwiftTrade Emporium,269,false,This eco-friendly and reusable bottle
34859c9c-2808-48ae-a596-b881a50f3127,SwiftTrade Emporium,762,false,Enjoy the soothing scents
49dd5c94-98af-4b80-b6a4-adf5b1718e61,VelvetBoutique Finds,113,true,Provides the perfect surface
a0421f82-b31c-47b5-966d-fc9a4afc2672,GoldenHarbor Emporium,928,false,This eco-friendly and reusable bottle
ca9898be-5ea8-46af-b82b-9412f7103a87,QuantumGoods Co.,744,true,Versatile and portable
27e9883a-de7c-408c-a109-41fc5b8dc91f,QuantumGoods Co.,195,true,Enjoy the soothing scents
6e737458-312c-4c83-9742-de499bdff917,ElysianEssentials Sellers,386,false,Compact and energy-efficient
dd33adaa-49f7-435d-95d7-e457a00f014f,UrbanGlow,80,false,Crystal-clear sound
0814becf-98c9-4c38-8844-fcc41ae07821,ElysianEssentials Sellers,220,true,Crystal-clear sound
cfa46af4-8bef-4fa5-9658-42643f8ace00,SwiftTrade Emporium,386,true,Enjoy the soothing scents
f593d2d2-3837-4cf6-bab2-75171f5117ce,VelvetBoutique Finds,841,false,This eco-friendly and reusable bottle
34bd7d82-e9a1-444d-83d4-b29129ca7172,GoldenHarbor Emporium,470,false,Crystal-clear sound
1a2d7107-91c4-40f3-ab38-0c929e4f3df8,VelvetBoutique Finds,728,false,This eco-friendly and reusable bottle
a1c55015-88e0-4f31-93e6-0c71d229bec6,VelvetBoutique Finds,121,false,Provides the perfect surface
3ece2e95-bf68-45e8-b80d-55e6a07efd22,UrbanGlow,597,true,Compact and energy-efficient
1b9642df-7d94-4e19-b7d0-794200eb31c9,QuantumGoods Co.,764,false,Compact and energy-efficient
444a1383-c738-4d0b-9a83-f39a96511c9f,VelvetBoutique Finds,228,false,Enjoy the soothing scents
8fde996c-fb6e-4fb3-867c-f13947f7b7fd,NovaCraft Retail,507,true,Stay connected and monitor your health
d0d755b9-84f9-4aa4-ba48-c0cbde519dbd,QuantumGoods Co.,547,true,Provides the perfect surface
a4619a97-ff56-407f-bf7e-9cad08c98677,VelvetBoutique Finds,974,true,Versatile and portable
5054f2a7-6330-440d-9864-5364607342b2,SwiftTrade Emporium,448,false,Provides the perfect surface
f4c3a368-d07c-4c34-8547-0c28909c9ae0,GoldenHarbor Emporium,266,false,Compact and energy-efficient
a5630b46-7bfa-42be-bff2-41992269ff2b,ElysianEssentials Sellers,111,false,Provides the perfect surface
40116fb7-5b0a-4a92-bec0-ef4b831eac7c,SwiftTrade Emporium,51,false,Compact and energy-efficient
98721111-c400-4859-9a0f-18887437a86d,ElysianEssentials Sellers,781,true,Provides the perfect surface
75f6571e-ff10-488f-a84a-b99c6e5c1fbb,NovaCraft Retail,880,false,Crystal-clear sound
7bdf95ee-d3bb-4886-a910-430083400ea2,GoldenHarbor Emporium,918,true,Stay connected and monitor your health
da7fef1c-2cc4-47e6-92ab-4aaa68a0fb23,SwiftTrade Emporium,906,false,Crystal-clear sound
d6074eac-65f1-4066-94f2-b74ac5db8c42,NovaCraft Retail,321,true,Stay connected and monitor your health
c25c56a0-87b4-4e4f-a9c7-b21b894cbc04,UrbanGlow,851,false,Stay connected and monitor your health
f7da2175-7dbe-4c40-a276-510d29bc6a00,UrbanGlow,898,true,Enjoy the soothing scents
db296d18-dbd0-40ac-b574-bca69d6e2f20,ElysianEssentials Sellers,831,false,Enjoy the soothing scents
127e93db-9b29-47bb-b0be-1497f9614892,NovaCraft Retail,755,false,Provides the perfect surface
00daffcc-abeb-4ccc-969d-5317a14a3f0b,SwiftTrade Emporium,743,false,Compact and energy-efficient
79cba5cf-a0a3-47bb-803a-5e30fd5afadc,NovaCraft Retail,499,false,This eco-friendly and reusable bottle
f055944b-4488-4433-938b-952e1b0ba2a6,GoldenHarbor Emporium,213,true,Enjoy the soothing scents
c427a8dc-748c-43e3-98b1-75ba3fa697c5,GoldenHarbor Emporium,675,false,Stay connected and monitor your health
1be45bd5-9820-4b6e-9979-99a323e23b0f,UrbanGlow,816,true,Enjoy the soothing scents
573f3452-6a52-476e-81e0-ce63e857bbe1,ElysianEssentials Sellers,522,false,Crystal-clear sound
0a922c77-8a7f-45db-8d6d-c5a7aa5a6a9c,QuantumGoods Co.,90,true,Compact and energy-efficient
d3f85bb1-4131-43cf-9da5-578853ead2bd,VelvetBoutique Finds,620,true,Compact and energy-efficient
928f55b6-81d5-4dd6-a57f-22bba63f2d3a,NovaCraft Retail,384,false,Enjoy the soothing scents
019c0036-6350-4828-93ff-d30e78e433e4,SwiftTrade Emporium,285,true,This eco-friendly and reusable bottle
1667ed6b-a871-4879-ac65-36b5b0be0544,SwiftTrade Emporium,697,true,Versatile and portable
f1f331cc-07d8-4e5e-add1-3c733bfdc302,UrbanGlow,710,true,Crystal-clear sound
6466a364-fa54-4084-9d75-8b99b116b424,ElysianEssentials Sellers,66,false,This eco-friendly and reusable bottle
3f8ee704-bfd2-4784-9f64-07c4d1e2583d,NovaCraft Retail,466,false,Enjoy the soothing scents
68aa831d-8a01-414e-b175-328066f4a060,UrbanGlow,571,true,Provides the perfect surface
a28a0004-52a2-41ce-8398-4d4bd1bc77f2,ElysianEssentials Sellers,888,true,Versatile and portable
67812673-c46d-437a-a4a5-e6d4414ea486,NovaCraft Retail,376,true,Crystal-clear sound
7807513e-e1e0-4490-8d3c-4bd5be530117,GoldenHarbor Emporium,171,true,Crystal-clear sound
44621898-b195-48ee-a7c4-f50a2e50a7d7,ElysianEssentials Sellers,247,true,Versatile and portable
613675d5-a617-45e6-a051-42ff00ad9057,UrbanGlow,579,true,Crystal-clear sound
6732bdfd-0908-42b9-a170-d28fc90ea552,SwiftTrade Emporium,125,false,Versatile and portable
4e18975b-cefe-4ca9-b2d3-24b48be216cc,ElysianEssentials Sellers,989,true,Stay connected and monitor your health
99f4ebe3-63e7-4d12-af91-3a3ba7ca4d91,VelvetBoutique Finds,443,true,Crystal-clear sound
a6403302-d7ae-44c7-8d94-22910c451133,GoldenHarbor Emporium,781,true,Enjoy the soothing scents
8eaae876-e99a-4624-aaa0-dbe679ed093d,UrbanGlow,198,false,Versatile and portable
d61fbeb9-38c9-4d3a-9e69-d74270d3987d,NovaCraft Retail,157,true,Compact and energy-efficient
098b7470-c90f-4f02-900d-9e4a3c1b2c0c,NovaCraft Retail,850,true,Provides the perfect surface
5fd1138d-f507-4043-8b3e-f2267986e23a,ElysianEssentials Sellers,181,false,Crystal-clear sound
3f0c546b-f6d7-4df8-a0a6-511f09ea05d5,NovaCraft Retail,686,false,Provides the perfect surface
9d8049c0-82ad-453a-ba67-d1796827e054,NovaCraft Retail,823,false,Compact and energy-efficient
6ffba2fe-97a5-4a9f-8cf1-2eda81ac9d99,VelvetBoutique Finds,736,false,Versatile and portable
ed7f983c-04ae-4de2-96ed-4b2edcde37aa,SwiftTrade Emporium,539,false,Provides the perfect surface
cbb71f1e-410e-42ad-ba50-9d9e7d39dddb,UrbanGlow,580,true,Versatile and portable
eaab322e-f923-4ed1-8451-74f6e72ecab6,NovaCraft Retail,403,false,Enjoy the soothing scents
c546ae15-4953-4d4c-9903-a8153288e20e,NovaCraft Retail,208,true,Stay connected and monitor your health
84560e49-7527-4fe9-b522-ec2a9a05c68a,ElysianEssentials Sellers,636,false,Enjoy the soothing scents
bc122aaf-76b1-48bb-8f44-4f4b808e5a0f,GoldenHarbor Emporium,432,true,This eco-friendly and reusable bottle
9b67d5b0-222b-4ee7-932c-88f6e0cb5d88,ElysianEssentials Sellers,515,false,Crystal-clear sound
bcc7fc40-72fc-4bcd-8e4f-17a200dd1f00,QuantumGoods Co.,226,true,This eco-friendly and reusable bottle
f0b0c9a7-7e3e-495e-b16b-012f3d842bc6,SwiftTrade Emporium,349,true,Versatile and portable
2274b597-8753-4c0f-8882-fcb50fad273e,UrbanGlow,541,false,Versatile and portable
db67b776-9488-4718-b013-aac11ae497f0,UrbanGlow,570,true,Enjoy the soothing scents
02dfce11-4091-4786-b5f4-570f4e47a287,GoldenHarbor Emporium,142,true,Enjoy the soothing scents
9750d6ea-62fc-4bb6-9c35-cbd907f1accc,UrbanGlow,785,false,Crystal-clear sound
27d1c83d-7928-4ee7-8b23-450a8046b236,UrbanGlow,321,false,Enjoy the soothing scents
3b3a9988-1719-4861-a0ab-98a635a74699,SwiftTrade Emporium,226,false,Enjoy the soothing scents
62679ea2-0fa9-4088-bd2e-8dc76845421c,NovaCraft Retail,940,false,Compact and energy-efficient
3a074a09-1109-4da5-9b99-fc5751eaddfb,NovaCraft Retail,937,true,Compact and energy-efficient
563f9b47-46fa-417b-9c11-c05610f1c1ce,ElysianEssentials Sellers,699,true,Stay connected and monitor your health
4d711197-c019-4f97-8af9-038142a3cabb,ElysianEssentials Sellers,604,true,Versatile and portable
af41827f-8839-4616-8d0c-6ab747d2242f,GoldenHarbor Emporium,414,false,This eco-friendly and reusable bottle
cb15fb1b-1a95-48cb-b50e-c0b0bb490870,NovaCraft Retail,897,true,Enjoy the soothing scents
5dd51e2f-a608-4603-b919-17921314f478,QuantumGoods Co.,58,true,This eco-friendly and reusable bottle
a6bd5137-d756-4de6-a649-f69c9602b8a2,UrbanGlow,267,false,Provides the perfect surface
b8c40d41-31ca-4e77-9019-05039f8edded,UrbanGlow,891,false,Crystal-clear sound
cb4e007f-4141-437d-a3c0-8d814b7deb04,GoldenHarbor Emporium,113,true,This eco-friendly and reusable bottle
f51bd164-917e-41a5-a23d-0ef9c8acc042,UrbanGlow,306,true,Compact and energy-efficient
cccfc443-7fbb-4943-a88e-534dbefced4b,SwiftTrade Emporium,576,false,Stay connected and monitor your health
4dc351d2-fe6b-48f4-b51f-b6d9221d36da,VelvetBoutique Finds,423,true,Stay connected and monitor your health
9ac2cd3c-3474-4967-928d-e3572222a060,QuantumGoods Co.,758,false,Crystal-clear sound
9c4be130-c55a-4c8b-be2a-efead676f71c,ElysianEssentials Sellers,34,true,Crystal-clear sound
55977991-1c93-4972-a48f-0a12b5043e64,VelvetBoutique Finds,703,true,Versatile and portable
9fbd36e6-ae52-425a-b32f-aca9f38a15a3,NovaCraft Retail,177,true,This eco-friendly and reusable bottle
4abc9c50-1d5e-49ae-be04-0fac30daf411,UrbanGlow,598,false,Compact and energy-efficient
876fc7e9-c39c-4aa3-a092-894f236849ea,GoldenHarbor Emporium,401,false,Compact and energy-efficient
36bf88a0-15a8-4236-be7a-8ce24df6bcaf,ElysianEssentials Sellers,797,true,Compact and energy-efficient
11917a5e-f649-4f48-9cf4-aa52455f8d20,QuantumGoods Co.,573,false,Provides the perfect surface
8b845244-00bc-42bc-a9ca-b195e5ca0fdd,UrbanGlow,198,false,Provides the perfect surface
f31e0b6a-2b2d-43e9-9ada-64cc48a9c8cd,VelvetBoutique Finds,324,true,Versatile and portable
fc4320f4-134e-4005-9ac7-0cd89c52e02a,QuantumGoods Co.,210,true,Stay connected and monitor your health
c46313f4-69e7-4c20-92ad-eddbdb8bc15c,GoldenHarbor Emporium,697,false,Crystal-clear sound
1260b4b6-40bb-4dba-9752-89dce44e3b93,QuantumGoods Co.,754,false,Crystal-clear sound
783b65de-d8ed-47ab-bb4d-9113f14c19aa,QuantumGoods Co.,265,true,Stay connected and monitor your health
018ef5e4-3d71-455b-bf5f-84765b4f5595,VelvetBoutique Finds,306,true,Provides the perfect surface
a646d6af-28db-4ba5-84c3-44d74b1b9c11,QuantumGoods Co.,508,true,Stay connected and monitor your health
d31a686b-36c4-470b-b3dd-bcf170dd53de,QuantumGoods Co.,543,false,Versatile and portable
2187f769-8a61-461b-b047-530f70847577,SwiftTrade Emporium,367,true,Enjoy the soothing scents
329612d6-6a06-4675-8a5c-593d85b303e4,QuantumGoods Co.,699,false,This eco-friendly and reusable bottle
cd04dc59-bd5f-43e9-91f0-404edc4e09a0,VelvetBoutique Finds,486,true,Provides the perfect surface
b78fb113-dd6c-4c7c-a757-16495dfac3bc,QuantumGoods Co.,996,true,Provides the perfect surface
bd127288-c740-4c7d-9eca-c2e2574bba2c,UrbanGlow,245,false,Enjoy the soothing scents
74d0a185-b874-4d97-ae7e-d5d5f49c36d8,ElysianEssentials Sellers,289,true,Versatile and portable
a5fb3555-71fe-4853-b98a-b04cfdae0220,QuantumGoods Co.,483,false,Stay connected and monitor your health
9530574f-f37c-4a51-b05d-ab11b40583cd,ElysianEssentials Sellers,907,true,Provides the perfect surface
acbe11fb-d6d8-42e7-b49c-cbd14744d933,QuantumGoods Co.,248,false,Enjoy the soothing scents
4148ec6b-e155-4aa1-a560-1d933c454b0a,VelvetBoutique Finds,853,false,Compact and energy-efficient
f672554e-a8f5-41bb-98e9-eb7a9537727f,QuantumGoods Co.,359,true,Stay connected and monitor your health
d7ba193a-49fe-4299-91d2-b30cc1f11737,GoldenHarbor Emporium,200,true,Crystal-clear sound
99f85d3b-e08e-475a-8c74-750dc9b81b93,UrbanGlow,597,true,This eco-friendly and reusable bottle
02a716ad-d184-41cf-b25b-e9b47e3c0dad,VelvetBoutique Finds,650,false,Compact and energy-efficient
4d159d04-4106-45f1-b8ec-93abd011d937,NovaCraft Retail,236,true,This eco-friendly and reusable bottle
23794c8a-7124-41cd-99b4-86f80d9759dc,ElysianEssentials Sellers,629,true,Versatile and portable
d8016c29-1be1-4ea2-8e93-d58a8544f399,NovaCraft Retail,161,false,Provides the perfect surface
a0f24866-a30c-452e-9842-0a7e3d9298d5,UrbanGlow,412,true,This eco-friendly and reusable bottle
e54ad503-7324-4c79-803a-b95991cab22a,SwiftTrade Emporium,136,true,Compact and energy-efficient
d982f3ad-6af5-4a25-a89e-b73929513cb0,GoldenHarbor Emporium,792,true,Versatile and portable
ea0c819e-788e-4eb0-a7cf-1abd2a567d5e,GoldenHarbor Emporium,291,false,Stay connected and monitor your health
6e4e2a37-ef23-42ef-8271-04757e955367,VelvetBoutique Finds,435,false,Provides the perfect surface
dc549ac2-0483-45dd-9dec-3ce529f4c3ee,ElysianEssentials Sellers,296,false,Stay connected and monitor your health
673d76c6-4bd4-4fc1-b3c5-14fff33f2b8e,GoldenHarbor Emporium,799,true,Compact and energy-efficient
51f23867-4ffd-45f2-a1d7-0a39fb09d619,NovaCraft Retail,587,false,Enjoy the soothing scents
696a18a6-999b-4ff6-a4f1-be18162b771e,SwiftTrade Emporium,282,false,This eco-friendly and reusable bottle
f5829790-ba96-48ae-8d01-00f14597cdde,SwiftTrade Emporium,183,true,Stay connected and monitor your health
14e8f691-6ff7-4d74-bdfd-d30ca73b617a,GoldenHarbor Emporium,165,true,Crystal-clear sound
c137483b-ce9f-4cf5-a5f3-71dedffb5a6b,ElysianEssentials Sellers,955,true,Enjoy the soothing scents
f8255cb5-69a9-4ff2-b305-acd13cec93e8,ElysianEssentials Sellers,973,true,Stay connected and monitor your health
a73e0533-6755-495b-80ec-3ffb3c6ba58e,VelvetBoutique Finds,706,false,Enjoy the soothing scents
0f626108-23a1-4da8-9803-ca006f8e10ef,SwiftTrade Emporium,151,true,Crystal-clear sound
b66116bc-66ef-4f66-aec5-3e7ec7c714d4,VelvetBoutique Finds,295,true,Compact and energy-efficient
a110f932-5712-4041-99b9-5b2606d18d48,ElysianEssentials Sellers,308,false,Enjoy the soothing scents
db3393cd-706a-4e41-8ce3-e81e0e67adba,VelvetBoutique Finds,497,true,Stay connected and monitor your health
d12f31b2-2c5b-4868-b8a5-4b6c86f7508f,VelvetBoutique Finds,209,true,Crystal-clear sound
fc4903d9-215a-49e5-9402-d1e3cc178aba,UrbanGlow,907,false,Stay connected and monitor your health
a5e518e2-3842-439a-9cba-7098dc7a0379,NovaCraft Retail,792,false,Compact and energy-efficient
4c622fac-25d8-433c-939e-dbdb9d524141,NovaCraft Retail,99,true,Crystal-clear sound
481e8319-a374-4935-a0f3-3fe8c09a3bb6,ElysianEssentials Sellers,288,false,Versatile and portable
dc499e82-7bb2-47e8-b456-1e9a6215b7e3,QuantumGoods Co.,705,false,This eco-friendly and reusable bottle
f2a3e99f-f783-46af-a9e8-7e026f6c9bd8,ElysianEssentials Sellers,629,false,Crystal-clear sound
2962bb00-13d7-46b8-b83d-388f84f2a9db,QuantumGoods Co.,290,true,Enjoy the soothing scents
d6f4cf31-734a-4251-ba5b-1cf5bc8cd234,NovaCraft Retail,364,true,Versatile and portable
38b52911-fb3e-40f1-ac7f-6afebbac4e48,UrbanGlow,431,true,Crystal-clear sound
8bd5cd4e-d1c8-4ccc-b27a-84312e6cfbef,UrbanGlow,760,false,Compact and energy-efficient
4d3cbfac-86a3-4b05-8390-4b9902658332,GoldenHarbor Emporium,534,false,Versatile and portable
b9fabc47-9e3e-47ec-9142-91c116c5a2a1,QuantumGoods Co.,390,true,Compact and energy-efficient
97b5f970-ad19-4f81-b2d9-610891277a33,VelvetBoutique Finds,280,true,Versatile and portable
2ceb3fda-4aa6-4e0c-b95a-a3ce93a37091,VelvetBoutique Finds,811,false,Stay connected and monitor your health
8102c0ae-217a-48ee-896a-b55c5e723121,VelvetBoutique Finds,75,false,Enjoy the soothing scents
fbc2100f-7af3-4c5f-983e-896d94e54988,SwiftTrade Emporium,932,false,This eco-friendly and reusable bottle
e3658432-64cf-4eb7-91fa-a8d5d391915c,ElysianEssentials Sellers,156,true,Crystal-clear sound
60c108d1-d6fb-459d-8782-31da7fda231c,GoldenHarbor Emporium,973,true,Provides the perfect surface
f8e2af25-edd7-43eb-ad7e-a2ebe0eabcf2,ElysianEssentials Sellers,541,false,Provides the perfect surface
ce613bbb-47c9-4c04-995d-a3819b99931f,UrbanGlow,124,true,Enjoy the soothing scents
99942d6b-9d44-4d0a-b026-0390550b5f1f,VelvetBoutique Finds,210,false,Versatile and portable
3a43dec8-bc07-46c9-8cfd-bd29bfef9d78,SwiftTrade Emporium,664,true,Crystal-clear sound
3c529be8-aef7-4230-aafa-7486d5f78db2,SwiftTrade Emporium,262,true,Provides the perfect surface
d62fc76e-b42a-4859-b68f-780d3c1f6cc8,GoldenHarbor Emporium,433,true,Crystal-clear sound
32afa7ab-9770-4e80-b2c3-0f839729d88f,ElysianEssentials Sellers,74,false,Enjoy the soothing scents
bb2fbaeb-cd09-4dea-8db8-31105f3a78b8,ElysianEssentials Sellers,628,true,Stay connected and monitor your health
67b857a1-2317-4100-9fe1-4998fb01469a,ElysianEssentials Sellers,999,true,This eco-friendly and reusable bottle
ecc396f8-1963-4081-a2ac-eb22ebb2797f,UrbanGlow,148,false,Compact and energy-efficient
fa5081f9-8ed5-4a62-8ddc-ad4f60f45aad,ElysianEssentials Sellers,920,true,Compact and energy-efficient
41380ac3-eb92-46e9-9795-c71ea320f533,SwiftTrade Emporium,330,false,Compact and energy-efficient
a6d3493b-e80d-442f-83aa-31dbaaab1f86,QuantumGoods Co.,400,false,Compact and energy-efficient
587330b7-e521-4ff7-849a-36c5d2ffb4fd,ElysianEssentials Sellers,479,true,Stay connected and monitor your health
98e82a07-56df-4239-aaff-7ff589172a56,GoldenHarbor Emporium,484,true,Provides the perfect surface
59eb0a71-f3b4-4310-ae0f-4949bdc8dd3f,GoldenHarbor Emporium,934,false,Crystal-clear sound
3c7940f3-5c38-4905-88be-3b722937e25f,UrbanGlow,437,false,Enjoy the soothing scents
94ed95c4-461a-466f-8963-e0f51cc17d11,NovaCraft Retail,879,false,Stay connected and monitor your health
10282872-4b4c-469c-9097-38ba195df61d,QuantumGoods Co.,17,true,Provides the perfect surface
4a9686ed-b533-415d-a7b4-b4d4969657da,GoldenHarbor Emporium,500,true,Versatile and portable
2794d9e5-c096-4792-a79c-669a96c92de3,UrbanGlow,349,false,Compact and energy-efficient
461597b5-aa0a-4c10-9290-888e29361ef1,VelvetBoutique Finds,301,true,This eco-friendly and reusable bottle
d1f95391-027b-4e76-88ab-abd858c1a8d5,QuantumGoods Co.,786,true,Enjoy the soothing scents
0b116a05-b6d9-4f0b-ae6b-a05cdfb13248,GoldenHarbor Emporium,547,true,Provides the perfect surface
770b2397-858a-476c-b761-eb223ca19206,ElysianEssentials Sellers,419,false,Stay connected and monitor your health
ae622c7d-78cc-4374-a687-88f2fe924e22,UrbanGlow,910,true,This eco-friendly and reusable bottle
270418f1-29f9-44fb-80cf-fd546705805c,VelvetBoutique Finds,601,true,This eco-friendly and reusable bottle
b1d317be-42c7-4077-9a60-d2a28b45ba10,GoldenHarbor Emporium,860,true,This eco-friendly and reusable bottle
7a4dd6c5-157c-476f-ba3a-dfc5de4da76e,NovaCraft Retail,896,true,Crystal-clear sound
86e47837-0827-440d-bffb-4ad8378d9b24,ElysianEssentials Sellers,89,false,Compact and energy-efficient
cd857188-48e9-480c-a802-a0336ab74d09,UrbanGlow,137,false,Compact and energy-efficient
f7deb503-02ea-4603-8329-3d0ff52a23a5,ElysianEssentials Sellers,176,false,Versatile and portable
1ec6af42-4f99-4b7d-a15e-bd7cc0bfb0cc,VelvetBoutique Finds,104,false,Stay connected and monitor your health
e4a540de-a782-41fd-b541-964d9480f993,SwiftTrade Emporium,899,false,Stay connected and monitor your health
3ba1bf53-46cc-41d7-bfc9-7f0d89fb0062,QuantumGoods Co.,613,false,Compact and energy-efficient
ec178c5d-cc4c-41f2-91c4-c0279073a2cc,QuantumGoods Co.,183,true,Compact and energy-efficient
baa15f70-068a-4a41-b954-006ebb75dafc,GoldenHarbor Emporium,404,true,Compact and energy-efficient
84115781-12df-4302-b803-03e6c79b1d37,ElysianEssentials Sellers,997,false,Compact and energy-efficient
6108918b-3ae9-40c4-b6e3-829a216d1731,QuantumGoods Co.,746,false,Stay connected and monitor your health
f876a0f5-86b8-49db-af88-25e7e55be1a7,NovaCraft Retail,438,true,This eco-friendly and reusable bottle
4f1c529e-3321-414b-b8df-9031f26c7c2e,QuantumGoods Co.,37,true,Provides the perfect surface
e5c91723-f35d-478e-bfd4-9dc7d7e44f2f,SwiftTrade Emporium,758,true,This eco-friendly and reusable bottle
5594e323-9c84-4f1d-8717-0e74294f163f,GoldenHarbor Emporium,282,false,Crystal-clear sound
800d37b7-df4f-406f-b422-3697c40b202b,UrbanGlow,908,false,Versatile and portable
805178d8-ce40-4e9e-97fd-f8f22aa3fed9,ElysianEssentials Sellers,704,true,Enjoy the soothing scents
15a6e40f-ad2e-4954-9a8b-e6d2ff3b96d2,ElysianEssentials Sellers,945,false,Provides the perfect surface
76cd736a-2af0-4224-9c55-fd294f1f7a48,VelvetBoutique Finds,512,true,Compact and energy-efficient
509398e7-d0f8-4845-a8cf-f8f140903e9e,QuantumGoods Co.,186,false,Compact and energy-efficient
5063833b-3622-410e-ba36-460b36990adf,GoldenHarbor Emporium,781,true,Provides the perfect surface
7de2725a-d503-4b9e-8d7b-f8077d6c8dcc,GoldenHarbor Emporium,386,false,Stay connected and monitor your health
b63a5c93-6e1b-478c-b009-edf2484f3a63,ElysianEssentials Sellers,865,true,Compact and energy-efficient
b84ff335-f0ff-4005-b8fd-aad05cf7a481,QuantumGoods Co.,934,true,Compact and energy-efficient
fd56e63c-bedb-4e97-a720-74d122b334e4,SwiftTrade Emporium,228,false,This eco-friendly and reusable bottle
9ad82c57-299a-4b19-977e-feb6edddb116,VelvetBoutique Finds,567,false,Provides the perfect surface
c0a29192-f012-461c-9017-5f221e22c144,VelvetBoutique Finds,698,true,Stay connected and monitor your health
c6124291-8363-4b28-a3f9-cf9e750ae706,UrbanGlow,227,true,Versatile and portable
9d978345-bd93-4f55-a693-72b49d9edbb2,SwiftTrade Emporium,877,false,Enjoy the soothing scents
220fce3f-0393-40f5-b09d-c8764ed233c4,QuantumGoods Co.,186,false,This eco-friendly and reusable bottle
9772f9f6-1cd8-480f-8198-e7889e75b67c,VelvetBoutique Finds,675,true,This eco-friendly and reusable bottle
0e9f0745-8271-4578-9bfe-c60b9535d568,GoldenHarbor Emporium,320,false,Stay connected and monitor your health
d33ed5b9-e152-4611-853a-f0a089042262,ElysianEssentials Sellers,569,false,Provides the perfect surface
ab3aa0d8-59aa-4c70-af35-8a1d122e8016,QuantumGoods Co.,568,false,Crystal-clear sound
802d6b78-9a99-40ac-ace0-b9804a0ff3c9,NovaCraft Retail,841,false,Stay connected and monitor your health
4e71a416-8f2c-49fb-80f8-964c2cbc732f,QuantumGoods Co.,781,true,Versatile and portable
7840b52b-df20-4e95-ba9f-357686829a6c,GoldenHarbor Emporium,182,false,Stay connected and monitor your health
6ba4057f-0f0c-4836-a959-a81498f08d7d,QuantumGoods Co.,305,true,Versatile and portable
0bc09b10-1f19-4dfb-b033-0fe36041cf30,QuantumGoods Co.,128,false,Provides the perfect surface
2fcd9981-7956-418a-8f3c-16ea2d931f44,VelvetBoutique Finds,144,true,This eco-friendly and reusable bottle
4c988f9e-4f91-43df-a67d-8f6953df047d,UrbanGlow,299,true,Enjoy the soothing scents
70e546b9-24b1-4f4d-ae5d-809c9cbb22d3,ElysianEssentials Sellers,280,true,Compact and energy-efficient
cc220c04-9826-423f-ad8c-1ebf5ad993de,NovaCraft Retail,694,true,Compact and energy-efficient
49cfed33-d49f-44f1-844a-ce053168bf20,NovaCraft Retail,975,false,This eco-friendly and reusable bottle
d8448c66-2429-43d6-87b8-33859c196a91,GoldenHarbor Emporium,872,false,Enjoy the soothing scents
de0cc426-3536-4d20-818b-59db5c188263,ElysianEssentials Sellers,92,true,Versatile and portable
f622dc89-dadf-47ff-9989-7dec900ffae7,QuantumGoods Co.,776,true,Versatile and portable
378ffd16-cdd7-4f41-9535-6cfdbda1eb76,ElysianEssentials Sellers,342,false,Enjoy the soothing scents
a852f0cc-11e2-4f79-b1d5-9a4591a1b7ca,ElysianEssentials Sellers,482,false,This eco-friendly and reusable bottle
5090a4c3-fb64-46e2-9716-1324a1d4827a,GoldenHarbor Emporium,773,true,Provides the perfect surface
5270c482-743f-4a4d-a3e5-13d1839671f0,NovaCraft Retail,680,true,Enjoy the soothing scents
60159adf-f9f0-45ad-a012-51d78a4225e4,ElysianEssentials Sellers,67,false,Provides the perfect surface
f5751f21-b9e3-49f5-85e8-f353c912856a,QuantumGoods Co.,109,true,This eco-friendly and reusable bottle
e09fb8f7-bd79-4ca5-9735-00c39582181b,NovaCraft Retail,995,false,This eco-friendly and reusable bottle
ff61742b-e4c2-43cc-ac8b-5da9b2cc2082,QuantumGoods Co.,417,false,Compact and energy-efficient
11501b16-490a-4d52-9702-31d56ea03186,NovaCraft Retail,698,false,Compact and energy-efficient
f594eda9-d998-484a-8182-63653d7e09e8,QuantumGoods Co.,362,true,Enjoy the soothing scents
06c24625-ae07-49b0-ba9c-7cbf81fc89f2,SwiftTrade Emporium,761,true,Enjoy the soothing scents
7e9a7916-7f8c-467e-9033-a81c99ce2ee9,NovaCraft Retail,648,false,This eco-friendly and reusable bottle
f80b45b6-ca8b-47c6-9434-47d69b149290,SwiftTrade Emporium,43,true,Stay connected and monitor your health
bf6df81f-c5c7-4c62-b6ef-875afe6742c9,SwiftTrade Emporium,281,false,Crystal-clear sound
bbab6836-da0b-4dab-ac97-eecb3219f2f8,ElysianEssentials Sellers,673,true,Crystal-clear sound
1894bffc-e853-4542-b4c0-966a1071c250,QuantumGoods Co.,640,false,Crystal-clear sound
1c11bb02-4046-4e2a-8049-781aa3bce9b5,QuantumGoods Co.,114,false,Versatile and portable
a2a7d3b5-0df7-4a4c-aee4-284c5004d6a2,UrbanGlow,294,false,Provides the perfect surface
d6b5423e-af48-413f-b14e-a932e360a5de,ElysianEssentials Sellers,209,false,This eco-friendly and reusable bottle
b3920119-19c6-451c-9a0c-328c77d8a4db,NovaCraft Retail,176,true,Versatile and portable
1a175d90-72fc-4344-9905-8645a862a526,ElysianEssentials Sellers,364,false,This eco-friendly and reusable bottle
66aa33a2-a505-4244-8472-2c741d762d93,VelvetBoutique Finds,716,true,Compact and energy-efficient
14f1e00e-c00e-48db-9ad3-3e54c6863c72,GoldenHarbor Emporium,487,true,Crystal-clear sound
7ce4b43f-7749-4a72-a85c-1fc1dadb0fcd,UrbanGlow,337,false,Versatile and portable
14b6a498-bedc-4956-9dd4-fdcdfe18ae6f,QuantumGoods Co.,272,true,Compact and energy-efficient
7ba207c9-5a6d-4e76-a2d6-0884eb456c48,ElysianEssentials Sellers,487,true,Compact and energy-efficient
8721ef46-c304-45a4-bd18-754061eaf286,GoldenHarbor Emporium,528,false,Crystal-clear sound
a9227e1b-1018-4282-ab62-748665b96e4f,VelvetBoutique Finds,397,true,Compact and energy-efficient
336f3ca6-8a1f-4227-bfeb-f3b1868fb1c8,SwiftTrade Emporium,494,true,Versatile and portable
9a05024c-fa0b-421c-8bf7-4516f0195eb3,SwiftTrade Emporium,957,false,Provides the perfect surface
21019641-9626-4357-b2fb-5d9f0f5d23f1,SwiftTrade Emporium,312,true,Compact and energy-efficient
8517d806-1828-4ff4-86b6-b3d609a137fe,UrbanGlow,510,false,Crystal-clear sound
8957d88f-1d0d-4c19-9f5a-66f44d7d7dcd,VelvetBoutique Finds,758,false,This eco-friendly and reusable bottle
3b3eaa81-0e78-4064-a9fa-3f21300dd18a,VelvetBoutique Finds,177,true,Stay connected and monitor your health
4dba7350-c54d-4b9e-bb78-43323dbb6f15,ElysianEssentials Sellers,18,true,Stay connected and monitor your health
078495b1-2804-4eb5-9cbf-c5bd1008ef78,GoldenHarbor Emporium,580,false,Stay connected and monitor your health
4c30a4f9-8293-4d43-91ab-cd0086b87228,NovaCraft Retail,458,false,Compact and energy-efficient
81941232-2abd-4ec9-ae8c-e673b84cf87e,ElysianEssentials Sellers,480,false,This eco-friendly and reusable bottle
369c24d5-fcf8-4856-abe3-2436250263cc,SwiftTrade Emporium,52,false,This eco-friendly and reusable bottle
f45f083a-6972-46b8-a8e2-046512fc00d2,NovaCraft Retail,538,false,Provides the perfect surface
0a0ea881-c930-4091-ad57-de1c192f180c,NovaCraft Retail,458,true,Provides the perfect surface
f1a3a6c7-4aa4-4a50-947b-29daa7148ad3,GoldenHarbor Emporium,612,true,Crystal-clear sound
aecbf70c-432e-45b5-b20e-55cb4780b03f,VelvetBoutique Finds,489,true,Enjoy the soothing scents
24e4a137-b324-4ebc-8157-943d59bf0b1a,ElysianEssentials Sellers,954,true,Compact and energy-efficient
36cc6c79-d14e-4230-a41e-e7ad11842a86,VelvetBoutique Finds,964,false,Stay connected and monitor your health
01b542a9-bac5-4a57-80e7-b5da247ab5be,UrbanGlow,25,true,Enjoy the soothing scents
7884b59b-e243-4232-8f76-65ea48319e15,QuantumGoods Co.,339,true,This eco-friendly and reusable bottle
45cc064a-7b2a-4d46-b08b-c1eac76e053c,GoldenHarbor Emporium,474,true,Enjoy the soothing scents
06cfe0b1-c95c-4d52-bf18-a297aacfcf26,UrbanGlow,436,false,Compact and energy-efficient
99f9e090-d651-4ddf-bf63-22699f3bfc53,QuantumGoods Co.,109,true,Stay connected and monitor your health
a43b4859-ac4c-4afd-802f-2ab6b6797fc3,UrbanGlow,67,false,Enjoy the soothing scents
ae4abe37-aa6a-48b3-87f8-32cd80e4db7e,SwiftTrade Emporium,669,false,Provides the perfect surface
04b174ab-69d1-461c-9645-a77968562d8c,GoldenHarbor Emporium,793,false,Compact and energy-efficient
57815d5f-6f79-45bd-9ba4-ae047b6d1f5b,UrbanGlow,16,true,Enjoy the soothing scents
254812f1-d228-4060-bc29-e6734206665b,NovaCraft Retail,730,true,Provides the perfect surface
c157819a-a4c0-4058-acbd-9f40fd9cb643,ElysianEssentials Sellers,910,false,This eco-friendly and reusable bottle
85ff33b0-b798-451f-917e-7cd462a1672b,QuantumGoods Co.,27,false,Provides the perfect surface
90fb9ba6-79cf-4918-9d75-3af47a7f200e,SwiftTrade Emporium,21,true,Provides the perfect surface
ab576ef9-4afb-4c23-bb3d-851e2dc8196b,UrbanGlow,488,false,Versatile and portable
cf47238e-5637-4210-82c3-9649e131ffe6,VelvetBoutique Finds,488,false,Versatile and portable
e90abe98-ef72-4523-98f7-e8320e15abd2,NovaCraft Retail,684,true,Enjoy the soothing scents
a6ceba95-ddc4-482a-b16d-86fd443f8ca5,QuantumGoods Co.,85,false,Compact and energy-efficient
ff11e08b-b526-47b9-9d35-57bc7d4cefa7,VelvetBoutique Finds,197,true,Stay connected and monitor your health
accfb38d-56d3-4988-97f1-eb842cfbc252,SwiftTrade Emporium,407,true,Provides the perfect surface
de6ab6ca-3e99-4cab-838c-077fb0caa343,VelvetBoutique Finds,630,false,Stay connected and monitor your health
d7fd9de9-2741-4140-8087-2676ca2ffedb,QuantumGoods Co.,227,false,This eco-friendly and reusable bottle
19d33867-7c93-4d50-ab90-243a31419b2d,NovaCraft Retail,709,false,This eco-friendly and reusable bottle
cb54e580-770b-44de-baf3-f88ef3923302,NovaCraft Retail,191,false,Crystal-clear sound
b6668991-0fe2-4281-8803-57611629b2f8,SwiftTrade Emporium,673,false,Crystal-clear sound
9e1157dd-b732-46ea-806a-deced8a8ac0c,VelvetBoutique Finds,918,true,Stay connected and monitor your health
cab48774-c754-4d83-8f90-9d585933d939,VelvetBoutique Finds,508,true,Provides the perfect surface
443930d5-c28d-4a16-90c8-795b8491f798,VelvetBoutique Finds,168,true,Crystal-clear sound
0f5f1261-53b0-4f1b-a894-dea600e5fd48,VelvetBoutique Finds,589,true,Crystal-clear sound
5edd8da2-9d78-4b24-b8d1-4922c4c792b2,NovaCraft Retail,785,true,Stay connected and monitor your health
de3a7ec4-3b7c-4d3a-9325-d1977bf9248b,VelvetBoutique Finds,989,true,This eco-friendly and reusable bottle
14d83a4d-b820-4a82-b347-3544a4dd5e55,NovaCraft Retail,208,false,Versatile and portable
e1d7677e-5ace-4b4e-8a4d-c109f524da34,UrbanGlow,257,true,Stay connected and monitor your health
4a6f8913-ba6c-4038-b223-2f43e6d773b1,VelvetBoutique Finds,401,true,Enjoy the soothing scents
6ec7222b-51ff-4b93-b7dd-6bab762a0479,NovaCraft Retail,43,false,Provides the perfect surface
f37a621a-f9dc-4cdf-9a32-bf817b55d5f1,GoldenHarbor Emporium,908,false,This eco-friendly and reusable bottle
c31f1e72-13ff-4041-b329-43361b558500,UrbanGlow,109,false,Stay connected and monitor your health
802d295e-3ff6-47d9-a6de-04d089547153,UrbanGlow,50,false,Enjoy the soothing scents
7d4e80a7-45a1-40bf-805a-3601bcc5c8b0,ElysianEssentials Sellers,671,false,Stay connected and monitor your health
88677639-8114-4a0f-b87f-eee10e658494,QuantumGoods Co.,32,false,Compact and energy-efficient
b62f56e7-6e53-4cf6-ad6b-d9e037f42c2d,NovaCraft Retail,426,true,Enjoy the soothing scents
c13b4081-48b3-4c8e-b126-f3980f38a28e,NovaCraft Retail,338,false,Versatile and portable
aeb79016-d2c2-445c-8359-7936b7022b1c,UrbanGlow,955,true,Enjoy the soothing scents
a5ed9d73-5358-42ee-b913-984893cf9ce4,SwiftTrade Emporium,969,false,Provides the perfect surface
c67b2453-389c-4607-8e50-a196f518ee1f,VelvetBoutique Finds,54,true,Stay connected and monitor your health
1689c52a-1db6-41ba-9be0-a837aaa270f9,GoldenHarbor Emporium,362,true,Versatile and portable
e21e22cb-8a7c-4626-83f4-38736830aeae,GoldenHarbor Emporium,849,true,Versatile and portable
2ad8b7b1-36c6-4029-ad75-8d68d160b700,SwiftTrade Emporium,874,true,Provides the perfect surface
01d2c432-52fd-4a5d-bb6c-e09ae1cca64b,QuantumGoods Co.,106,false,Crystal-clear sound
9d785f2b-d145-4153-99b7-4cb59a7a814a,GoldenHarbor Emporium,189,false,Compact and energy-efficient
6c2ca482-0478-4c34-bb5c-e6f826ce80a8,VelvetBoutique Finds,637,false,Enjoy the soothing scents
3b2643e7-94d1-476e-aba5-ade46546fecf,QuantumGoods Co.,278,false,Crystal-clear sound
e4815c23-8bab-49d3-818e-bffa1e62cee6,NovaCraft Retail,235,false,Crystal-clear sound
b9b3d915-93d8-409b-939e-33fbfa6bb5b8,NovaCraft Retail,811,false,Enjoy the soothing scents
7cfc5424-ddb2-49e3-9492-5bef6d7b0e02,UrbanGlow,610,false,Crystal-clear sound
d1375023-ec82-4488-916d-369dea41c5db,GoldenHarbor Emporium,352,false,Compact and energy-efficient
6f57d835-1885-4021-9fad-3bdaeb423a96,ElysianEssentials Sellers,681,false,Versatile and portable
96f061c4-cafe-43e1-94b6-360f551db5bb,QuantumGoods Co.,632,true,Compact and energy-efficient
edc1a277-f495-4af5-bd67-b1056fcfbe4a,GoldenHarbor Emporium,728,true,Enjoy the soothing scents
e972e52d-c01a-41ba-a0a8-7d6c3f1abc72,SwiftTrade Emporium,967,false,Crystal-clear sound
46c71f74-ba50-4c69-a2e8-a4053415a052,NovaCraft Retail,587,false,Versatile and portable
3a955f25-db54-4265-a4ce-a9e69dd6590c,NovaCraft Retail,917,false,Provides the perfect surface
c2bf50cf-252a-4f3e-877e-bbbeb71698d5,NovaCraft Retail,708,true,Provides the perfect surface
e74b685a-200f-45a6-b103-7847bc481044,GoldenHarbor Emporium,614,false,Stay connected and monitor your health
1d08ca74-7565-4dee-9db6-69865749d59a,ElysianEssentials Sellers,539,true,Provides the perfect surface
d6fbc0d4-3a4a-4f21-ad99-36fa50a9549e,UrbanGlow,968,true,Enjoy the soothing scents
3688e972-3380-4c85-8300-2e726df22e41,UrbanGlow,715,false,Crystal-clear sound
6f4cb95b-6fcd-41e8-9a25-78980da0eede,GoldenHarbor Emporium,720,false,Crystal-clear sound
052de599-ebc5-4f13-8001-3e4a588d4f0f,SwiftTrade Emporium,802,false,Crystal-clear sound
7130703d-1b66-4fcd-b006-0e4372248662,QuantumGoods Co.,810,false,Provides the perfect surface
4aebc532-b737-4aab-86ea-8ef5f729f676,NovaCraft Retail,265,true,Enjoy the soothing scents
9b9b6f51-0dd6-4ea8-b3db-5d253ecd7c39,SwiftTrade Emporium,380,false,Enjoy the soothing scents
b74c09f1-b93d-44e5-b5bb-8322cb5f681a,SwiftTrade Emporium,584,false,This eco-friendly and reusable bottle
2b494628-852c-439d-a38b-2219db364697,GoldenHarbor Emporium,996,true,Enjoy the soothing scents
bd4c0cc4-387f-4fe6-968b-c68aedb530bf,SwiftTrade Emporium,660,true,Enjoy the soothing scents
c406131f-2d80-4efd-82b9-982fee9db39b,GoldenHarbor Emporium,408,false,This eco-friendly and reusable bottle
7d4f4d57-0095-4458-abbd-0f9498906a85,VelvetBoutique Finds,97,false,Versatile and portable
3e79e286-1a4f-435a-8b6b-c1608cddc0e7,SwiftTrade Emporium,698,false,Stay connected and monitor your health
431ebaf1-e515-4f5d-b829-d30a2452dfe4,UrbanGlow,327,false,Crystal-clear sound
e98669c7-fe54-440f-9afc-5e60f8a682d8,NovaCraft Retail,798,false,Crystal-clear sound
8d512f4d-e086-40cb-a6b0-650d75553cec,UrbanGlow,40,true,Stay connected and monitor your health
e700274f-2857-4880-a6d5-2004110ffc1f,GoldenHarbor Emporium,104,true,Stay connected and monitor your health
81183da3-e7df-4082-9f5b-142eb2d4da1d,GoldenHarbor Emporium,606,false,This eco-friendly and reusable bottle
0986d93c-c76b-46eb-a392-7075f0ca8247,QuantumGoods Co.,419,true,Compact and energy-efficient
4e5d3633-310a-494e-a671-d93f8255816f,QuantumGoods Co.,70,true,Enjoy the soothing scents
9d37582a-843d-45a7-a617-6eac947e5df2,SwiftTrade Emporium,701,true,Versatile and portable
62bc4b4c-a05d-496f-bb2a-633baed7e769,VelvetBoutique Finds,112,false,Crystal-clear sound
90f9f258-ae25-4732-92dd-65b83debeee6,UrbanGlow,211,true,Compact and energy-efficient
e5029c52-f07c-420f-b0a8-1f4b18eb9c7a,GoldenHarbor Emporium,748,true,Compact and energy-efficient
93539d79-c30b-42c2-9826-2fb282e776cd,SwiftTrade Emporium,81,false,This eco-friendly and reusable bottle
7e4dc7e5-2c2d-4221-a900-36cc958afbaa,VelvetBoutique Finds,755,true,This eco-friendly and reusable bottle
5ea0f1c1-5875-401d-8c6b-af6539f40768,ElysianEssentials Sellers,330,true,Compact and energy-efficient
26a89d65-0e34-4c50-b176-551be9d98c55,SwiftTrade Emporium,671,true,Crystal-clear sound
82267a61-16a6-4163-8afd-f11282ced3bd,ElysianEssentials Sellers,816,true,This eco-friendly and reusable bottle
507cfb22-4897-49aa-a6ee-c5b8c13b7cd0,VelvetBoutique Finds,110,false,Stay connected and monitor your health
815ad01f-f47c-4f63-a34e-4d39c369289a,VelvetBoutique Finds,665,true,Compact and energy-efficient
a3a8b3e1-bd38-40ec-b9e6-db1baf72c4f0,SwiftTrade Emporium,652,true,This eco-friendly and reusable bottle
12fbefb8-99aa-44a5-abef-7566691aee7c,NovaCraft Retail,338,true,Enjoy the soothing scents
617f56fc-5bde-4bc0-a853-8ecc44cbf4ce,VelvetBoutique Finds,173,true,Versatile and portable
840eef7d-8a2b-4e90-bab8-0daf29815f52,QuantumGoods Co.,289,false,Compact and energy-efficient
8ea55dfc-121a-4fc0-ac03-ce7b43346a9f,NovaCraft Retail,434,false,This eco-friendly and reusable bottle
f83a2231-2dbd-4bdb-ae8b-40976de562c8,ElysianEssentials Sellers,525,false,This eco-friendly and reusable bottle
ec3d6505-28e5-4452-b34c-227084f6036a,VelvetBoutique Finds,869,true,Compact and energy-efficient
ae239a62-c2ba-4a30-8812-8ab99ff64e70,NovaCraft Retail,368,true,Versatile and portable
37a622bd-ba10-4ee4-b290-b2c4b4ca90ce,QuantumGoods Co.,180,false,Enjoy the soothing scents
85908e3d-00b2-4e02-9913-a0bed0d08ad3,QuantumGoods Co.,721,false,Enjoy the soothing scents
03dd4c37-bd23-48fa-8a75-ba9bb0269860,QuantumGoods Co.,368,false,This eco-friendly and reusable bottle
b8c6c5bf-09f8-45d1-a40d-89e03c6a9a84,ElysianEssentials Sellers,385,false,Versatile and portable
8c3876c9-55f7-4a09-9796-585a1fd3e4c0,SwiftTrade Emporium,739,false,Versatile and portable
29fd181d-7391-4eed-b50d-5c217aafd800,QuantumGoods Co.,363,true,Versatile and portable
b56e16db-e862-4d25-a697-397252af1a44,SwiftTrade Emporium,686,true,Enjoy the soothing scents
b933ba55-6978-4893-8e2d-6e9351d9725c,QuantumGoods Co.,979,true,Enjoy the soothing scents
e790bac0-bf48-4332-9df0-e9a0d017fc2d,UrbanGlow,242,true,Stay connected and monitor your health
c8530b3e-fe34-4b9d-bc31-2c1e781fc550,SwiftTrade Emporium,180,false,Versatile and portable
34ee53dd-1e98-419c-9463-4d1716325a34,UrbanGlow,83,false,Crystal-clear sound
a16c0a97-491d-4b80-93e0-36ed4f805172,QuantumGoods Co.,63,true,This eco-friendly and reusable bottle
5cbd8a49-d5f6-4b8a-8e8b-6b9fe3218a97,UrbanGlow,574,true,Compact and energy-efficient
77b366f5-6ea3-4b07-8fd2-6fea7a90e949,SwiftTrade Emporium,199,true,Versatile and portable
2fcf69bb-4dfa-4da0-9dcd-6d9202d4add2,GoldenHarbor Emporium,313,true,Versatile and portable
ab61dd62-f850-453a-aad5-2025c8b47dab,NovaCraft Retail,920,false,Versatile and portable
675dcbb2-9a6c-42e0-a724-81db1d0874db,ElysianEssentials Sellers,637,false,Compact and energy-efficient
bc4be592-e0f8-417d-8735-4bec2d4cb010,GoldenHarbor Emporium,35,true,Provides the perfect surface
08b9125d-1dee-4c96-b4b7-5045a481a782,GoldenHarbor Emporium,343,false,This eco-friendly and reusable bottle
14166839-f932-41d9-9858-a2c20bad2271,NovaCraft Retail,211,false,Enjoy the soothing scents
1a6f8253-a5c7-4444-8ca6-ac0ee602e471,QuantumGoods Co.,632,false,This eco-friendly and reusable bottle
87c972cb-b63d-4ff0-a2f6-aa63c3a13562,GoldenHarbor Emporium,890,false,Stay connected and monitor your health
b04fac4b-8394-44d5-85f2-7d86c3f343b7,NovaCraft Retail,408,true,Enjoy the soothing scents
df3dabc2-8b70-4549-a94b-ca052fd381ea,UrbanGlow,714,true,This eco-friendly and reusable bottle
197bc931-5547-4dd6-9bae-53c3c4c91fb6,UrbanGlow,480,false,Provides the perfect surface
2d973246-8cd4-45fd-8142-131e4c7111c1,ElysianEssentials Sellers,172,true,Compact and energy-efficient
3f5f3b85-504d-424c-836a-ddfb0f20b429,UrbanGlow,696,true,Versatile and portable
8707f415-b2bd-476e-a183-e63616788565,SwiftTrade Emporium,689,true,Versatile and portable
86fc10b3-08e1-4e30-976b-077bc3fca300,UrbanGlow,714,false,Compact and energy-efficient
fbfc1d72-7094-4671-a5de-4af36d779770,ElysianEssentials Sellers,837,false,Enjoy the soothing scents
a34b258d-5dc9-47f7-8a39-5111d3abc26d,VelvetBoutique Finds,191,false,This eco-friendly and reusable bottle
459cc3b5-2b9f-4abb-9152-e903f72790aa,SwiftTrade Emporium,690,false,Provides the perfect surface
87ed6007-ce91-4d66-a677-d8e1c12eba89,NovaCraft Retail,936,false,Stay connected and monitor your health
1fd09eaa-490d-4074-bfdb-defcdaaca052,VelvetBoutique Finds,105,true,Enjoy the soothing scents
fc35d38e-ced9-4666-b57f-1f8f2377e3e8,UrbanGlow,100,true,This eco-friendly and reusable bottle
e551fc4c-aedd-4a3a-b7f6-ff7a74778185,VelvetBoutique Finds,147,true,Stay connected and monitor your health
547d2f3a-36b1-4913-b34c-83e20430b3c4,ElysianEssentials Sellers,198,false,Enjoy the soothing scents
63f8c2cc-67d5-4a07-a95c-8af98f7fd289,GoldenHarbor Emporium,343,true,This eco-friendly and reusable bottle
5ca7dd11-07a5-4445-be02-29822c137fa7,QuantumGoods Co.,557,false,Enjoy the soothing scents
257bcf44-8b9c-4f94-8bc4-e68d4c9a7102,SwiftTrade Emporium,531,true,This eco-friendly and reusable bottle
d2e6be84-636f-449f-a185-300114bcd490,ElysianEssentials Sellers,159,false,Enjoy the soothing scents
e49efeaf-6896-40de-8ec1-c4bce14dc6c7,NovaCraft Retail,845,false,Provides the perfect surface
b8dcb8ae-9762-4b2d-8320-b90bddb5a4af,SwiftTrade Emporium,105,false,This eco-friendly and reusable bottle
245b42b6-3abc-4b9b-8fe7-225045633fa8,UrbanGlow,674,false,Stay connected and monitor your health
12cd060f-f69b-4059-b30d-55fa9b75cb0c,SwiftTrade Emporium,731,false,Enjoy the soothing scents
cf7a7967-ccb8-40f1-84ed-25f984e65c77,QuantumGoods Co.,479,true,Provides the perfect surface
ad849bf0-69ad-4dae-9987-df5e6261c114,SwiftTrade Emporium,21,true,Enjoy the soothing scents
41d4d018-50f9-4a74-8132-08276123763d,VelvetBoutique Finds,366,true,Compact and energy-efficient
eee53d8f-712a-4ba2-b2fc-b4a8a2fe048e,QuantumGoods Co.,568,true,Versatile and portable
721e1255-0d66-4091-a9d9-5cf6dfbbe426,SwiftTrade Emporium,624,false,Versatile and portable
9090b677-0d15-46d2-9869-229365fe4bb9,NovaCraft Retail,134,false,Provides the perfect surface
67680960-f917-49f4-a437-6fe42a162637,QuantumGoods Co.,440,false,Enjoy the soothing scents
2a98dd13-c5d0-4d4f-b2df-12a191a0ef93,SwiftTrade Emporium,336,true,This eco-friendly and reusable bottle
438c093c-4241-4179-9f94-03977a5204f6,NovaCraft Retail,793,false,Versatile and portable
213790b0-9096-4f56-b971-f33447afe918,VelvetBoutique Finds,416,true,Enjoy the soothing scents
a6f4aa1c-a4cd-4d66-80fa-03fc24bd5662,GoldenHarbor Emporium,343,false,Enjoy the soothing scents
10bfb28d-b38f-433a-a988-e74dd7db9543,ElysianEssentials Sellers,148,false,Crystal-clear sound
2d805b21-3365-4ed1-8b8d-3985493c5f66,UrbanGlow,735,false,Provides the perfect surface
1e674a0b-8a8f-480e-a132-ee9b45de790a,SwiftTrade Emporium,807,false,Enjoy the soothing scents
bd283052-5516-4bd0-af32-b4e803aa920a,UrbanGlow,868,false,Crystal-clear sound
d6595a3e-e5d6-447f-921e-c1eb9dbcd1f9,VelvetBoutique Finds,201,false,This eco-friendly and reusable bottle
c2cfe849-17ce-4506-b444-ce5290bb3511,SwiftTrade Emporium,137,false,Crystal-clear sound
745f6c4e-6f04-4d95-bd8b-8c8e853bacf1,VelvetBoutique Finds,840,false,Stay connected and monitor your health
f4c32566-94d2-4d99-b712-752c72306f22,SwiftTrade Emporium,873,true,Versatile and portable
cab30672-4222-4da2-879c-ba0af75fab49,VelvetBoutique Finds,932,false,Stay connected and monitor your health
2768be3a-019c-439e-a554-ebf8159408fd,ElysianEssentials Sellers,18,true,Crystal-clear sound
cb641a55-0267-4047-a69c-329bf16b4332,VelvetBoutique Finds,168,false,Stay connected and monitor your health
6ddf3203-e3db-4503-bee5-0a7d6e33dc0b,VelvetBoutique Finds,295,true,Stay connected and monitor your health
0d7bf3c1-503a-4c36-96f1-94c4294e1eac,GoldenHarbor Emporium,397,true,Enjoy the soothing scents
833171b1-7201-4121-9568-96bbb375a874,VelvetBoutique Finds,228,true,Enjoy the soothing scents
bbdaa0ea-85ab-428a-975f-3b4be4f72ba2,QuantumGoods Co.,17,false,Crystal-clear sound
3650d9d0-ec2a-4060-bcef-078524bef8ce,SwiftTrade Emporium,700,false,Stay connected and monitor your health
72c22557-cb66-482a-b418-470293f5fc60,UrbanGlow,269,false,Versatile and portable
a90a3ec4-c560-48c2-9bbe-cce86ce70fff,VelvetBoutique Finds,659,true,Crystal-clear sound
97b0affb-22d0-4d3b-97f1-d0a5ce055ac1,NovaCraft Retail,556,false,This eco-friendly and reusable bottle
2c51f43e-b42d-4d86-ba4e-e82b6e1b6101,VelvetBoutique Finds,704,true,Versatile and portable
1ea76ab1-a4bb-4f4d-acbe-b5776a25dadd,NovaCraft Retail,916,true,Provides the perfect surface
b2dadb23-a5c9-4e5c-84d6-672bd10b1b28,VelvetBoutique Finds,725,true,Enjoy the soothing scents
cb660655-fcd8-46a9-9be9-208ca08ef92f,UrbanGlow,971,true,Compact and energy-efficient
92d5d395-0283-49f3-8343-242f3e0815a2,VelvetBoutique Finds,762,false,Compact and energy-efficient
9e7dc618-29f9-4be7-820d-3a924c2e6b41,UrbanGlow,94,true,Stay connected and monitor your health
88d0c6ea-008b-4d9a-9183-9560c7a00189,QuantumGoods Co.,610,false,Enjoy the soothing scents
297f94b5-b0a7-4adb-a8d7-a6231fd9b6d3,QuantumGoods Co.,173,false,Enjoy the soothing scents
b504e891-009e-4d74-95d0-18389a906733,QuantumGoods Co.,280,true,Versatile and portable
4b895329-839d-4fb1-939b-9faf8faaed61,UrbanGlow,51,false,This eco-friendly and reusable bottle
3f04a454-c2e3-4eea-9a5a-d32555f4d87b,SwiftTrade Emporium,917,false,Stay connected and monitor your health
0c57a45c-ee06-4ec3-a734-e744bbb98856,ElysianEssentials Sellers,272,false,Enjoy the soothing scents
7d78386c-cae5-4df0-9373-a201df5e6ce1,ElysianEssentials Sellers,602,true,Crystal-clear sound
ba63cb1a-5989-41af-b3ca-e5059d9e7099,UrbanGlow,597,false,Enjoy the soothing scents
ce95dfea-9bfb-4268-b98e-7f0bb476e295,SwiftTrade Emporium,199,true,This eco-friendly and reusable bottle
326cd834-2cd0-4809-b4c4-69eded53050a,QuantumGoods Co.,162,false,Crystal-clear sound
bb007a2d-69ab-4168-b03c-6a058c2ef008,NovaCraft Retail,768,false,Crystal-clear sound
ffd45fd1-999f-4a15-871b-62bc978b61ec,NovaCraft Retail,306,false,Compact and energy-efficient
99a41136-367f-4b6b-9817-d94836e5f44c,NovaCraft Retail,865,true,Compact and energy-efficient
3268a231-f836-44bb-8129-b8f5803e7139,GoldenHarbor Emporium,398,true,This eco-friendly and reusable bottle
3d102825-f9dd-44db-a251-40e39b5fba5e,QuantumGoods Co.,823,true,Enjoy the soothing scents
bee321df-7ad2-4427-b2d7-00a7c50b5207,VelvetBoutique Finds,370,false,Crystal-clear sound
6c72125e-2c42-4b33-af80-4bc715e7176d,UrbanGlow,615,true,This eco-friendly and reusable bottle
6ab711d3-20c1-4516-a6ee-f47f7aeb9dca,SwiftTrade Emporium,910,false,Enjoy the soothing scents
e2f7f3bb-79f5-45d8-88a1-05dce2eb2085,VelvetBoutique Finds,151,true,This eco-friendly and reusable bottle
944eec18-2ea3-4bba-979e-6afc90de3fc2,VelvetBoutique Finds,966,false,Stay connected and monitor your health
6959974c-a480-45d6-96a0-b2debbd05cbe,VelvetBoutique Finds,737,true,Enjoy the soothing scents
670ad5e9-7ec0-4303-b2b8-a8df0e7977f6,QuantumGoods Co.,970,false,This eco-friendly and reusable bottle
d58603f2-caca-4d2d-aaa8-4044f9e07221,UrbanGlow,161,false,This eco-friendly and reusable bottle
1a7c1503-e97b-4e1f-9b5b-09e60044f5b8,ElysianEssentials Sellers,396,true,Enjoy the soothing scents
b171e220-a46b-4fe9-889a-9a634792ddc2,SwiftTrade Emporium,711,true,Provides the perfect surface
42ec3835-fa82-4643-938e-652fc5df5e7a,VelvetBoutique Finds,243,false,Provides the perfect surface
3d92370c-dc91-4403-96f4-5a7730385981,UrbanGlow,208,false,This eco-friendly and reusable bottle
2e08e5d3-b967-4fa6-9922-0fa96dd9c4b5,GoldenHarbor Emporium,800,true,Compact and energy-efficient
ae6ffb68-abed-4ebd-8278-d5f0a10e1990,UrbanGlow,675,false,Enjoy the soothing scents
950fb0ef-073d-4aae-a2a9-df89c058af2c,UrbanGlow,841,false,Compact and energy-efficient
7ad68e38-c5e0-44e0-828c-30d5779d2c6a,GoldenHarbor Emporium,463,true,This eco-friendly and reusable bottle
bc3eefe1-cc1a-4df8-9f7a-17b3b43dc9af,ElysianEssentials Sellers,51,false,Crystal-clear sound
a28de1be-c136-4b29-bee3-797cad63db85,VelvetBoutique Finds,714,false,Enjoy the soothing scents
6e652c40-f12b-46d1-be1b-521cda51a887,QuantumGoods Co.,248,true,This eco-friendly and reusable bottle
37f591ce-c428-4405-b36b-d6ecade79dea,UrbanGlow,445,false,Stay connected and monitor your health
678a4c9e-e90f-4c9e-9ec2-a0844d39877c,SwiftTrade Emporium,234,true,Versatile and portable
c3bdc79f-255a-4a92-ba15-38b48401042e,UrbanGlow,495,true,Provides the perfect surface
da5769dd-c5dc-4296-a5c2-bcd28efa56bb,QuantumGoods Co.,641,false,Enjoy the soothing scents
5fce0a87-e18c-4dd4-b146-399b88f30e8b,ElysianEssentials Sellers,274,true,Stay connected and monitor your health
72619428-4f7d-42d3-90ad-ae245f371128,GoldenHarbor Emporium,219,true,Crystal-clear sound
95a1167c-fe57-48a5-a9ec-95f13277552d,NovaCraft Retail,445,true,Compact and energy-efficient
da8c6283-63e1-4cde-a8ea-ae778831b5f1,SwiftTrade Emporium,510,false,Crystal-clear sound
33236174-6463-41ff-8b04-25a40d61d95c,ElysianEssentials Sellers,31,true,Provides the perfect surface
cd269206-eac9-40d8-927d-e4071c210e00,VelvetBoutique Finds,100,true,Stay connected and monitor your health
47b095b9-2ede-4685-b6c2-b25faba1bb56,NovaCraft Retail,201,false,This eco-friendly and reusable bottle
d3b5e21a-0b03-4ba0-a09a-5da4116b94df,ElysianEssentials Sellers,664,true,Compact and energy-efficient
df0afe86-5f5b-47f6-b87d-4d10f25d2487,UrbanGlow,677,true,Compact and energy-efficient
3cd873bc-82e7-429c-b021-28029af0b3ce,VelvetBoutique Finds,268,true,Compact and energy-efficient
29fd25c7-2fed-4d96-9221-1522e49cf268,SwiftTrade Emporium,423,true,Stay connected and monitor your health
d2d83cb1-e045-4f54-8306-2e51f868d5af,UrbanGlow,452,true,Enjoy the soothing scents
e07a7406-e907-4e60-9375-ef77bc8c809c,VelvetBoutique Finds,824,true,Crystal-clear sound
52fe61ba-d4e1-457c-8aed-340c8a53b23d,VelvetBoutique Finds,144,true,Provides the perfect surface
a185de64-d636-4ce3-a7f3-18bd8933a161,ElysianEssentials Sellers,753,true,Crystal-clear sound
2c934975-66f2-4445-b8a7-43346754e56b,SwiftTrade Emporium,518,false,Compact and energy-efficient
a1d28adc-0297-4aa8-93d0-b737f10b4879,GoldenHarbor Emporium,960,false,Enjoy the soothing scents
0b6e0122-a655-4c41-8a7c-00cb23462ed8,UrbanGlow,954,true,Versatile and portable
2b6163f7-c8fa-4e6c-adc1-8a3af46d6696,UrbanGlow,886,true,Enjoy the soothing scents
74fad68b-4be2-4a87-ba4d-255a605bb154,SwiftTrade Emporium,975,false,Enjoy the soothing scents
4a4a2c41-9929-4947-89f1-8ddc9d935f54,QuantumGoods Co.,412,true,Provides the perfect surface
5e3644a4-f4c0-4747-ae9d-3dcc466cf722,ElysianEssentials Sellers,180,false,Compact and energy-efficient
3c12be89-d6e2-4f01-a4c1-362b56fe6216,ElysianEssentials Sellers,645,true,Crystal-clear sound
ecbece5d-22e6-4896-b880-f939bd85e53d,VelvetBoutique Finds,676,true,Provides the perfect surface
6e232855-ac61-4fbe-a583-8e44b3bd556b,NovaCraft Retail,551,true,Crystal-clear sound
ea0387a8-71a3-415c-9dcf-7f67e4142919,QuantumGoods Co.,257,false,Versatile and portable
0005a792-bbf7-400d-abf4-40f8f9951819,VelvetBoutique Finds,601,true,Compact and energy-efficient
2ede9f30-4233-47bc-885f-85ade6287a55,GoldenHarbor Emporium,350,true,Stay connected and monitor your health
19912254-da52-4780-b0df-b052a44eb1f1,SwiftTrade Emporium,336,false,This eco-friendly and reusable bottle
23736ee9-94f9-4788-a49c-7792b3d1ad43,GoldenHarbor Emporium,521,false,Versatile and portable
5213f9a1-4ccb-41fd-9f82-2de1e81adb03,NovaCraft Retail,186,false,Crystal-clear sound
94545ae0-f095-4f84-ba80-414115fa56d9,ElysianEssentials Sellers,935,true,Versatile and portable
23ad2a6c-e915-4acd-be4a-33e88def5583,SwiftTrade Emporium,579,false,Versatile and portable
bd78fe6d-566d-4103-9e2b-023999ce862c,NovaCraft Retail,134,true,Compact and energy-efficient
79a8f5a6-8795-44ba-b1a0-bba69e11fdbc,QuantumGoods Co.,40,true,Crystal-clear sound
e89819c4-3f21-48d7-8b50-f575537585a2,UrbanGlow,175,false,Crystal-clear sound
3d920180-93f6-4490-aa79-c58bcb1a088c,SwiftTrade Emporium,596,true,Compact and energy-efficient
5eac50fc-9e3f-4d2b-8f31-afbaf4f776af,GoldenHarbor Emporium,107,true,Versatile and portable
ebe77b28-f36a-4da1-85a6-cd47fdb306c9,ElysianEssentials Sellers,842,true,Compact and energy-efficient
51a91b6b-2762-482e-ab23-62e1f245393d,VelvetBoutique Finds,400,true,Compact and energy-efficient
60e97133-d917-4b0a-8284-2ab586f0ce95,UrbanGlow,315,false,Versatile and portable
2133ac2d-5813-4bb6-afb5-39c0f0fafe30,SwiftTrade Emporium,50,false,Enjoy the soothing scents
85d73ece-319d-4d05-94d2-13cd05af3d9f,GoldenHarbor Emporium,542,true,Provides the perfect surface
18f42cd1-08eb-4495-a462-feb4c1f930cc,VelvetBoutique Finds,484,true,Versatile and portable
4039d0c3-97c0-48da-b088-b788ab14adad,UrbanGlow,603,false,Crystal-clear sound
d00c1a90-c9cd-4c30-bb16-5d6b3d570f35,QuantumGoods Co.,346,true,Versatile and portable
c9173495-29e9-4778-afe3-5affc34243b1,ElysianEssentials Sellers,484,false,Compact and energy-efficient
ab2aeb2f-f703-48c5-b836-02e7e702a122,ElysianEssentials Sellers,736,false,Provides the perfect surface
154b8ad4-221d-457b-a1a8-5a477b770893,SwiftTrade Emporium,931,true,Crystal-clear sound
8b7d875e-d087-4ff9-814b-d6d6a5c53e67,VelvetBoutique Finds,366,true,Crystal-clear sound
9ddd6e0c-c3b8-4183-a899-4b7e9eeb9a7e,ElysianEssentials Sellers,391,false,Provides the perfect surface
07684379-0c38-48b5-943b-5d508148fc76,ElysianEssentials Sellers,232,false,Crystal-clear sound
bb9956d9-ae41-4a2f-91e5-e67f850d3b60,QuantumGoods Co.,335,true,Provides the perfect surface
106ed1c5-f54a-4713-8ddf-c96feb2c81ef,GoldenHarbor Emporium,626,false,Versatile and portable
45ffed7d-db80-4565-9807-3f766ca744ae,SwiftTrade Emporium,465,true,Provides the perfect surface
2125ec29-28c5-41de-a7aa-5eab8625f23a,VelvetBoutique Finds,318,true,Stay connected and monitor your health
0b83c3f9-d8d4-4fb3-8041-e5781a5b591f,NovaCraft Retail,215,true,Compact and energy-efficient
c6f748f5-eb9d-4c63-b9e2-eba3b727d22c,SwiftTrade Emporium,584,false,Enjoy the soothing scents
1bf444c3-91e4-4c95-bee8-413b46b541d8,VelvetBoutique Finds,954,false,Stay connected and monitor your health
5348125c-124d-4fa7-bbe1-17fdc6ba2e2f,GoldenHarbor Emporium,841,true,This eco-friendly and reusable bottle
b7966207-0c25-4901-867e-ea04b1ee42a4,NovaCraft Retail,947,false,Enjoy the soothing scents
afa62616-f145-4f7c-b0f0-7c31206b4358,ElysianEssentials Sellers,774,false,Provides the perfect surface
cff04d4c-c704-414d-9038-2a6b24665ad8,NovaCraft Retail,991,true,Enjoy the soothing scents
7d1dd47c-ded1-4d8f-b97d-7c759445e661,ElysianEssentials Sellers,825,false,Crystal-clear sound
a5787083-a7a6-4e40-b344-2fc726689a87,ElysianEssentials Sellers,135,true,Provides the perfect surface
8db72a35-7f12-4d09-94c6-c8fcdea71a79,VelvetBoutique Finds,104,true,Stay connected and monitor your health
29cdbb92-a5b3-45ec-bd90-1afd8e32eb4f,UrbanGlow,776,false,Enjoy the soothing scents
1f869616-22de-4b72-8b21-438f213120e6,UrbanGlow,605,false,Versatile and portable
4fa45fe7-52f2-4ee6-8a03-18ea470de203,QuantumGoods Co.,616,false,Provides the perfect surface
0f27aec8-eb94-4255-920b-fb18c2968a40,SwiftTrade Emporium,471,true,Provides the perfect surface
2ac682e6-d295-46d9-987f-8772aaab122a,NovaCraft Retail,185,false,Provides the perfect surface
61f8bd95-018b-4b9f-ac3e-d3334f3a1144,QuantumGoods Co.,206,true,Stay connected and monitor your health
1c2b1bac-f6eb-43b5-be67-05296c2e2a70,SwiftTrade Emporium,953,false,Enjoy the soothing scents
d9aa4b71-e9d4-41cc-ab46-18d2718f1b64,NovaCraft Retail,755,false,Enjoy the soothing scents
4b61f7d4-6d63-4cc8-b7f4-fb1a90ed86a1,ElysianEssentials Sellers,572,false,Crystal-clear sound
1c3cfffe-9951-4e2b-9bbd-7d2654cb0277,QuantumGoods Co.,537,false,Enjoy the soothing scents
beae2a32-5afb-4fb4-a700-f2af5c30ab00,NovaCraft Retail,166,false,Compact and energy-efficient
2a09d764-f72a-47ab-a3dd-3ee3268c9743,VelvetBoutique Finds,947,false,Compact and energy-efficient
00348610-441d-41fb-992e-75c7f990fc69,SwiftTrade Emporium,433,true,Compact and energy-efficient
e6b4b9be-fa73-4458-9ddd-23e0bf9ed37b,QuantumGoods Co.,676,false,Compact and energy-efficient
709c715c-4e0b-4045-8efe-e02251214e06,UrbanGlow,784,true,Versatile and portable
9d3d2e69-ae91-4cdb-bb50-422115fb1066,GoldenHarbor Emporium,343,false,Compact and energy-efficient
78429c98-a262-46dc-9a7a-50217a3457a4,ElysianEssentials Sellers,753,true,Enjoy the soothing scents
018c310f-b4c1-47c3-ad89-6c983f5cd252,VelvetBoutique Finds,847,true,Stay connected and monitor your health
c363e462-4470-4d0a-b4a5-d4de17783940,QuantumGoods Co.,102,false,Stay connected and monitor your health
0d2c32ab-1c7e-426a-8af4-02bda4241128,QuantumGoods Co.,765,true,Enjoy the soothing scents
837fc2df-0a54-4319-acdb-819b2af7057f,UrbanGlow,765,false,Versatile and portable
95a3faa9-d23c-4759-a8d1-80c7212958ad,NovaCraft Retail,279,false,Provides the perfect surface
3cb61fcd-db12-433e-ab0c-ab785e930dce,ElysianEssentials Sellers,200,true,Versatile and portable
c28646ea-a0b9-45a6-9734-6365e3b93d7e,SwiftTrade Emporium,308,true,Versatile and portable
a65fb675-22c5-4217-9db6-4986cee80793,GoldenHarbor Emporium,486,false,Stay connected and monitor your health
4afb114f-4a88-48b8-bcdc-e71eb1af24cd,GoldenHarbor Emporium,937,true,Versatile and portable
1460f060-7ab2-49e6-9297-78b6fff64ba7,NovaCraft Retail,658,false,Provides the perfect surface
e60677c0-2099-4303-b4d9-773970947c5c,NovaCraft Retail,111,true,Provides the perfect surface
bb68601b-05d6-436a-bc7d-dee3803fc3bb,SwiftTrade Emporium,370,false,Crystal-clear sound
61cf2f7d-c1ed-4254-a809-efa291236780,QuantumGoods Co.,639,false,Compact and energy-efficient
970e828c-155f-4bab-9583-4b9a16323a2c,ElysianEssentials Sellers,533,true,Provides the perfect surface
1e4e5d2b-73a6-4eb9-9346-cfe22695d1b4,NovaCraft Retail,541,true,Crystal-clear sound
2016c7b3-d577-4447-9f35-5272e1b5fe81,ElysianEssentials Sellers,858,false,Enjoy the soothing scents
d6f666b6-3be1-4672-ba38-1013b94dde85,SwiftTrade Emporium,846,true,Provides the perfect surface
5fbf66ec-def8-4ee6-8165-1f628cab7d28,VelvetBoutique Finds,171,true,Enjoy the soothing scents
7f60886c-e6de-4bfd-a455-ee471cdb0003,ElysianEssentials Sellers,536,true,Enjoy the soothing scents
d7c4186b-4698-4471-b26f-28b03a92b048,GoldenHarbor Emporium,741,false,Stay connected and monitor your health
4fe7de26-1f01-4502-bdeb-39a862020203,ElysianEssentials Sellers,573,true,Compact and energy-efficient
dfa3a530-6d18-4bca-8769-3c96d2987ff8,NovaCraft Retail,159,false,Enjoy the soothing scents
911a5c5a-b887-4d1f-a496-f69bba49ed3c,GoldenHarbor Emporium,853,false,This eco-friendly and reusable bottle
ddc69c5c-bd5a-417c-9d4f-c12263358165,ElysianEssentials Sellers,727,false,Provides the perfect surface
1ce904d9-b3ec-4a81-abc2-6cb0a77f03c2,VelvetBoutique Finds,809,true,Stay connected and monitor your health
b81d3be0-5bda-4bb9-b9cc-d1e74c9bcf74,SwiftTrade Emporium,844,true,Compact and energy-efficient
7fa74d08-5a0f-44bd-a565-762fea97d362,VelvetBoutique Finds,466,true,Versatile and portable
884fff7f-c160-4002-a1f4-b2139e90e6bd,NovaCraft Retail,322,false,Stay connected and monitor your health
4b3f081f-56f6-4c7c-b691-f7d026749b30,VelvetBoutique Finds,601,false,Compact and energy-efficient
7874b6f9-5578-4834-af6a-b193c9aa0649,GoldenHarbor Emporium,63,true,Stay connected and monitor your health
1eb3b02a-4252-4a9b-b92d-b2878b92f30c,NovaCraft Retail,207,true,Crystal-clear sound
39441caf-aa2a-4e3b-ba32-36e5f8aef645,QuantumGoods Co.,989,true,This eco-friendly and reusable bottle
c089314a-d98d-4491-8619-1584377e52d2,NovaCraft Retail,266,true,Stay connected and monitor your health
eeabfea5-1d6c-477c-b972-77cabdcf55e0,UrbanGlow,342,false,Compact and energy-efficient
747f774e-09b9-43bf-b5b5-cb0d764b2da0,ElysianEssentials Sellers,887,false,Crystal-clear sound
d1abbe24-7f72-449e-af39-0813e908dda4,QuantumGoods Co.,143,true,Crystal-clear sound
2428e549-fdef-426a-9ba1-0d430d701716,GoldenHarbor Emporium,277,false,Enjoy the soothing scents
16882894-293d-430b-acf6-15e6934bfaad,NovaCraft Retail,218,true,Versatile and portable
48af9eeb-5692-47ae-a26d-7bb86a2d7604,UrbanGlow,524,false,Compact and energy-efficient
6e26be36-78fc-4e6c-8420-610be701afe1,VelvetBoutique Finds,239,false,Compact and energy-efficient
fc46fa40-814b-43c0-9fe9-5eaea1a74053,GoldenHarbor Emporium,807,true,Provides the perfect surface
f1660478-8a62-4cd0-8280-9ead12162bd5,GoldenHarbor Emporium,876,false,Versatile and portable
f666f756-bf96-47e6-a1ce-1587f816e86a,SwiftTrade Emporium,320,true,Stay connected and monitor your health
436904e7-f214-411c-875e-663a49e70825,UrbanGlow,853,true,Stay connected and monitor your health
8eb7b41e-d922-4413-bb65-57071d55bb0b,ElysianEssentials Sellers,635,true,Enjoy the soothing scents
3fb832c4-7a84-49ae-8688-19982ae394ea,GoldenHarbor Emporium,787,false,Versatile and portable
fceec7a0-4193-4004-a273-da2d7fea4b2f,GoldenHarbor Emporium,465,true,Stay connected and monitor your health
9fc1ced2-63c6-4b70-a204-ab067f7264a4,ElysianEssentials Sellers,193,false,Crystal-clear sound
86ed94d0-51fe-495d-92fc-6fed472e8a5b,NovaCraft Retail,597,true,Compact and energy-efficient
dae2dbcb-944a-4943-9511-dbe76a837e5a,ElysianEssentials Sellers,502,false,Compact and energy-efficient
136c86a1-fd30-48a0-8c38-bdb81ab11212,VelvetBoutique Finds,889,false,This eco-friendly and reusable bottle
b7af2e2e-5b52-4bca-9a41-d7ff8a7499a1,VelvetBoutique Finds,171,false,This eco-friendly and reusable bottle
7e5a676f-c210-47af-9838-1a87f39152fe,ElysianEssentials Sellers,349,true,Compact and energy-efficient
4ab2cfab-ec25-4aa3-b9d2-70e6d7b62a54,GoldenHarbor Emporium,265,true,Provides the perfect surface
3938c835-8a7c-4444-bbd1-a5909b7d9d04,VelvetBoutique Finds,206,true,Enjoy the soothing scents
abaaf57b-276c-460c-9a9e-4c2f57d06aa4,SwiftTrade Emporium,462,true,Crystal-clear sound
8047cae9-f83d-4e3b-9f0e-44df2ba8e9dd,ElysianEssentials Sellers,196,true,Stay connected and monitor your health
a11f5ce4-183b-4b7a-88e0-eba4abc30113,UrbanGlow,464,false,Enjoy the soothing scents
14f37243-b55e-4f65-b8e6-9bf8e5ec572c,QuantumGoods Co.,702,false,Provides the perfect surface
8f05e844-e9e7-4fbc-a56a-d6e1d98368dd,UrbanGlow,632,false,Versatile and portable
237167ba-e3ab-4e8e-8405-1209abeea643,ElysianEssentials Sellers,288,true,Crystal-clear sound
19fbb66e-e0c4-4e5c-87af-5164a8cc429f,GoldenHarbor Emporium,370,false,Versatile and portable
8182401e-3dd1-4f0e-8af0-1c18d86c2dbf,VelvetBoutique Finds,255,true,Provides the perfect surface
f5aa37f3-f2b1-498b-956f-6eddcb5e0211,SwiftTrade Emporium,293,false,Provides the perfect surface
63b4a6fe-dda8-4849-a05b-a9048791497f,GoldenHarbor Emporium,319,true,Crystal-clear sound
92a52bfc-ff37-4a07-98b0-eeb43d42dffb,NovaCraft Retail,782,false,Versatile and portable
f603847a-c8ff-41dc-9ba2-5d12df78b2f0,SwiftTrade Emporium,631,false,Versatile and portable
8e5fab55-ba2a-4eff-823c-d965af6d2871,VelvetBoutique Finds,849,true,Enjoy the soothing scents
94ec8fbf-1e84-4822-8533-b76f514e7523,NovaCraft Retail,331,true,Enjoy the soothing scents
5266fd4f-be41-4261-b2e5-424e3d4eb9b8,ElysianEssentials Sellers,202,true,Enjoy the soothing scents
b4cdc5c4-cbb7-440f-9e14-add6ce442a60,UrbanGlow,97,true,Crystal-clear sound
dfe0a83a-87aa-4c6f-90e0-b5c7517f53cc,ElysianEssentials Sellers,678,true,Versatile and portable
ea89aa63-134f-4b29-becc-54190092ed73,NovaCraft Retail,340,true,Versatile and portable
8f97b644-6429-413e-984c-a7bcd286f828,SwiftTrade Emporium,803,false,Enjoy the soothing scents
755761a7-62ae-4b25-a707-0ef368700896,ElysianEssentials Sellers,606,false,Enjoy the soothing scents
2949359d-1708-4f8f-8c35-807682d5743f,GoldenHarbor Emporium,234,false,Enjoy the soothing scents
b5e00175-79fa-4e86-9fd3-0d294f74ce0b,SwiftTrade Emporium,100,true,Stay connected and monitor your health
ff873ac0-a1a8-42eb-9de3-e2459127ec6f,NovaCraft Retail,370,false,Compact and energy-efficient
43e2577f-5d0f-4205-a855-9f39801c0372,ElysianEssentials Sellers,356,false,Versatile and portable
0b2708ac-7f0a-4030-af6b-5ce3855bdfb9,VelvetBoutique Finds,879,false,Stay connected and monitor your health
cc23edc2-9252-4458-9cff-1cf3088512e7,QuantumGoods Co.,280,false,Compact and energy-efficient
01d00db7-f819-440f-a046-888ace2b6104,ElysianEssentials Sellers,562,true,Compact and energy-efficient
b6393db8-9c26-4180-be20-ac5a96d4a7c8,GoldenHarbor Emporium,39,true,Versatile and portable
07391b98-78ac-4f8e-a7ee-73f4b7ba44ce,NovaCraft Retail,141,true,Compact and energy-efficient
81d91be9-658b-4a64-a34f-f66f8b8573d8,QuantumGoods Co.,588,true,Crystal-clear sound
650585c4-6515-41fd-81c8-6e2e42402dc9,UrbanGlow,556,false,Compact and energy-efficient
457d901b-a8af-4dfb-adf9-a5f2ba095321,VelvetBoutique Finds,931,true,Compact and energy-efficient
7494a332-a210-40bc-8da5-c31d166ebd0e,QuantumGoods Co.,254,true,Stay connected and monitor your health
93c02498-a081-423b-9bb2-1758086d19d4,QuantumGoods Co.,438,false,Versatile and portable
8104de34-5c1e-4019-b4ba-3a14eb630b22,GoldenHarbor Emporium,424,true,Crystal-clear sound
295a32b0-fd36-4e5a-be1a-dc49d29f181b,QuantumGoods Co.,779,true,Compact and energy-efficient
88905bcd-bccd-480a-afad-b11c81bf6a58,GoldenHarbor Emporium,604,true,Stay connected and monitor your health
307a25ec-d811-45fa-b7cc-0213147cdab4,SwiftTrade Emporium,141,false,Stay connected and monitor your health
05093f90-ad32-41ff-8e85-fc4bb8006c28,GoldenHarbor Emporium,280,true,Stay connected and monitor your health
b5b5d18d-119e-42c8-945c-8aea0995997d,ElysianEssentials Sellers,507,false,This eco-friendly and reusable bottle
144c8b4e-1d05-4bf3-9f97-25030ccedc90,UrbanGlow,127,true,This eco-friendly and reusable bottle
f3d97a56-9183-4132-827f-174d00d59db0,SwiftTrade Emporium,532,true,Versatile and portable
cb8d647c-14c6-49a0-9867-6e73973c1f78,SwiftTrade Emporium,323,false,Compact and energy-efficient
7d8728bb-53ff-4a1d-8bdc-421c7cd45514,NovaCraft Retail,585,true,Compact and energy-efficient
ddfd08b5-1372-40d6-aa0d-91c56aeadc00,SwiftTrade Emporium,445,false,This eco-friendly and reusable bottle
435c83b7-29b7-4b89-8b86-ef658ab17d3a,NovaCraft Retail,629,false,Provides the perfect surface
4760e7fd-287d-440a-a4ff-9178e71c1180,VelvetBoutique Finds,592,true,Stay connected and monitor your health
66ce7e1c-4cbe-4261-a66e-6f577c144fa0,UrbanGlow,501,true,This eco-friendly and reusable bottle
032a1559-a4ca-4531-ae80-d0864e884b17,UrbanGlow,754,false,This eco-friendly and reusable bottle
47160434-7a5b-4c26-8c83-2593beee5deb,SwiftTrade Emporium,373,true,Crystal-clear sound
976e0c38-8963-4daa-a2fe-5a752588f066,QuantumGoods Co.,269,false,Stay connected and monitor your health
41734daf-1d89-40d2-94d1-4c3dd12e04dd,UrbanGlow,888,true,Versatile and portable
0a7c106d-430b-4857-941b-1129acc6bc3a,SwiftTrade Emporium,615,false,Versatile and portable
2d0cad75-2f28-4f8b-894f-4bf3372fb567,ElysianEssentials Sellers,267,false,Compact and energy-efficient
e44b4671-65db-4b41-a759-4f94d59bb8b6,QuantumGoods Co.,944,true,Crystal-clear sound
4c5fee04-0c3d-4ed4-91a1-f255d576200c,GoldenHarbor Emporium,820,false,Crystal-clear sound
f7ac9774-eded-4ac4-9c71-5bd0d7503f32,GoldenHarbor Emporium,820,true,This eco-friendly and reusable bottle
2152cfa8-28db-40bf-9681-53fbc395e05d,UrbanGlow,914,true,Stay connected and monitor your health
34caa989-2f11-48fa-9c5b-beafb27e8379,VelvetBoutique Finds,625,true,Compact and energy-efficient
7485f4df-2cb6-4cb2-9503-e5313434465d,UrbanGlow,672,true,Compact and energy-efficient
bbf04bbd-8f20-4ce6-893e-cda7d7791cc6,GoldenHarbor Emporium,688,true,Stay connected and monitor your health
ab5a49d1-9197-4439-8111-9c921b46183a,UrbanGlow,533,false,Versatile and portable
a3660398-e1ea-445e-aa4d-08edb108d8db,GoldenHarbor Emporium,254,false,Enjoy the soothing scents
1e9c4cc6-b5b3-48b3-89c5-3661638bdbc0,UrbanGlow,959,true,Enjoy the soothing scents
4346eace-b48f-4ea1-a937-1a3e95431875,QuantumGoods Co.,948,true,Versatile and portable
a35f0c30-888b-4572-878b-11cdb57e59f4,UrbanGlow,255,false,Enjoy the soothing scents
c0e3c5db-9c41-431e-99aa-00208d347b88,SwiftTrade Emporium,68,false,Crystal-clear sound
385b877c-0b02-4c8b-aec5-41f0dca1c18f,VelvetBoutique Finds,98,true,Compact and energy-efficient
8fe383ed-e003-499d-b2b9-5f4611d8fbfc,SwiftTrade Emporium,502,true,Compact and energy-efficient
a74dad0b-c115-4666-9b35-1386452b7a8b,ElysianEssentials Sellers,977,true,Provides the perfect surface
d36ba5ba-b575-4d0f-b1c0-ac1c4a6320b9,UrbanGlow,648,true,This eco-friendly and reusable bottle
077ec813-004f-4651-a9ee-1b9833a8702d,SwiftTrade Emporium,646,true,Provides the perfect surface
043731ff-8b7b-4052-a773-1b97e6ae05d0,ElysianEssentials Sellers,282,false,Versatile and portable
71af26d1-dc38-4179-97e2-e4b664009c07,SwiftTrade Emporium,817,false,Stay connected and monitor your health
352cfb6a-2b92-4440-8cdc-8893548fef56,NovaCraft Retail,865,true,Versatile and portable
70e3ada3-cbd3-44c2-b39c-f4afe0584c8e,UrbanGlow,922,true,This eco-friendly and reusable bottle
74f98414-0137-4f7c-abe1-4f4ad597e28c,GoldenHarbor Emporium,213,false,This eco-friendly and reusable bottle
9434bdb0-a11c-4974-be17-423030b70b28,VelvetBoutique Finds,509,false,Enjoy the soothing scents
0101c843-549b-4782-b515-5971ce63b37c,ElysianEssentials Sellers,914,false,This eco-friendly and reusable bottle
3d98ed51-a2d0-4a38-b072-88c6e5892ef3,ElysianEssentials Sellers,406,true,Compact and energy-efficient
e3216c69-c4d5-464e-807a-c2d410087dc0,ElysianEssentials Sellers,263,false,This eco-friendly and reusable bottle
d3c60195-eab6-4a56-8102-a5509c13c2a0,GoldenHarbor Emporium,603,true,Enjoy the soothing scents
3ffcb5a2-3a0d-4fe3-bbdc-658bec8a3d6c,SwiftTrade Emporium,75,false,Compact and energy-efficient
b5ff7cb3-4fb5-4b4a-b23c-35379d8da132,NovaCraft Retail,23,false,Compact and energy-efficient
3036d3b1-84e4-485a-8cbf-2c875a957d7d,UrbanGlow,508,false,Provides the perfect surface
089c4c07-0e5a-439f-84f4-bca536e0475c,SwiftTrade Emporium,767,false,Provides the perfect surface
5d1b9346-a68c-421f-a89d-cc478e27ca11,UrbanGlow,358,true,Compact and energy-efficient
5a388d2a-c253-4c41-8a59-d48911997965,QuantumGoods Co.,763,false,Stay connected and monitor your health
5fee0a1f-dad0-436d-9c46-4f01031b5733,NovaCraft Retail,917,false,Versatile and portable
6e207ce2-1a16-4838-a026-1848cade9e13,QuantumGoods Co.,433,false,Crystal-clear sound
589f9274-9b30-4096-81ea-2df8507038f0,ElysianEssentials Sellers,645,true,Versatile and portable
2b40eddb-69e8-41da-ba9e-f7f9d629ab91,ElysianEssentials Sellers,971,false,Provides the perfect surface
6f71ff9d-9ee8-42e1-8aa6-c5e127bbc0b7,NovaCraft Retail,588,true,Stay connected and monitor your health
19c0e9a3-d5a9-43b4-98b3-80dbc2392762,QuantumGoods Co.,176,false,Versatile and portable
342eb11a-f848-4b9c-a511-204ee88ede94,UrbanGlow,817,true,Versatile and portable
54fd8c78-3f0f-4ac5-956b-130cee655164,QuantumGoods Co.,599,false,Versatile and portable
291c9601-bdde-438c-9ad2-c1512d65ef5c,SwiftTrade Emporium,802,true,Versatile and portable
c6ae8131-e554-417d-a004-c4a7eb813438,UrbanGlow,68,false,This eco-friendly and reusable bottle
fc5e497e-d09e-41f1-807c-58a31077f44d,VelvetBoutique Finds,502,true,Compact and energy-efficient
c6c4287c-b9ae-4a53-a1f7-516050537c0b,UrbanGlow,378,false,This eco-friendly and reusable bottle
2e656166-6815-40fc-8d98-93d52610b47e,VelvetBoutique Finds,101,false,Compact and energy-efficient
e94132ce-5f70-4c9d-a92b-de69c158c30d,NovaCraft Retail,232,false,Compact and energy-efficient
60f0527c-8742-4338-b5b3-684ae905a5bb,UrbanGlow,605,false,Versatile and portable
58423ed9-06fd-477b-a198-c77008d1b718,UrbanGlow,97,false,Versatile and portable
1aa0b70a-d18b-45fd-b07e-647dddbf940c,GoldenHarbor Emporium,206,false,Compact and energy-efficient
5c7091aa-b108-4fed-9724-638fc1d05ce1,VelvetBoutique Finds,155,true,Versatile and portable
3ac8659b-46a8-4f5c-891d-378c40ffd29a,VelvetBoutique Finds,774,false,Enjoy the soothing scents
7d1edd22-3071-420e-ac8f-d8093ae470a9,UrbanGlow,993,true,Versatile and portable
56a1dfb3-7939-425f-b14a-cec072cf5bd1,QuantumGoods Co.,139,false,Versatile and portable
f9a07e12-a217-435b-9f81-a3d087e972d3,SwiftTrade Emporium,823,true,Stay connected and monitor your health
be211fc7-3b77-4980-bd33-65136fdfb8ed,ElysianEssentials Sellers,124,false,Stay connected and monitor your health
2fe26935-7ddb-437d-97a2-40cb7b903555,UrbanGlow,654,false,Enjoy the soothing scents
8d998941-15c0-4a17-849f-e4cbd26ea2a7,SwiftTrade Emporium,971,true,This eco-friendly and reusable bottle
985f6586-c2ca-4682-a3ff-d643536587fd,GoldenHarbor Emporium,766,false,Stay connected and monitor your health
174e174d-e23e-4e49-8b32-cfe76d404b4b,ElysianEssentials Sellers,138,true,Crystal-clear sound
ecb6d9cb-faaa-4e9e-82ea-e83c9e27bb7b,SwiftTrade Emporium,365,true,Enjoy the soothing scents
c1b958dc-363e-4711-8163-5c02d7bf746b,GoldenHarbor Emporium,680,true,Crystal-clear sound
180f3c91-668c-4dd3-a39b-f595fe42d392,SwiftTrade Emporium,78,false,Enjoy the soothing scents
39d2498d-56b1-4b4e-b4a2-7229df912d3d,ElysianEssentials Sellers,672,false,Versatile and portable
b12d1a42-bbf8-4b3a-9c47-3ea69cdb9701,UrbanGlow,948,false,Crystal-clear sound
f46564b7-1bbc-4cce-a690-498357aba225,ElysianEssentials Sellers,692,true,This eco-friendly and reusable bottle
ca4f6858-eaad-420a-9020-ea7f0b5daba9,GoldenHarbor Emporium,645,true,Crystal-clear sound
f9a5e6c1-7da3-4c12-ad6d-3259411131a5,GoldenHarbor Emporium,367,false,Compact and energy-efficient
e15accd1-e01e-4f12-9702-eefba61fa682,VelvetBoutique Finds,250,true,This eco-friendly and reusable bottle
a70e288c-f8ad-4cf5-9b90-f7301a1f5c2a,GoldenHarbor Emporium,941,false,Versatile and portable
bd45c7aa-95d3-4720-aa84-81580fec838a,VelvetBoutique Finds,132,true,Stay connected and monitor your health
3a17e8da-ec7a-46ba-b11b-0308acbffc91,SwiftTrade Emporium,26,false,Compact and energy-efficient
dc9ac20f-e10d-4b7c-b953-fc11c51ea502,VelvetBoutique Finds,234,true,Compact and energy-efficient
de81eccd-b3aa-4dc2-be49-f737130e7eac,GoldenHarbor Emporium,616,true,Versatile and portable
32929ee4-e4e4-4558-8700-ffe1dfa652e6,GoldenHarbor Emporium,44,true,Enjoy the soothing scents
75e55042-660e-4a94-b2c3-e1a8fe738b29,VelvetBoutique Finds,304,true,Crystal-clear sound
162abf0a-86ea-4b27-8d74-14037f0b2f3c,ElysianEssentials Sellers,295,true,This eco-friendly and reusable bottle
8f79a13b-164e-41d3-8870-4c518b5518aa,GoldenHarbor Emporium,632,true,Compact and energy-efficient
9ff1d6c2-e415-4ed0-8faf-a100e83e5cbc,SwiftTrade Emporium,156,false,Versatile and portable
8ddad5e7-dba4-4a22-b0be-b7b0d793ff35,GoldenHarbor Emporium,842,true,Versatile and portable
cbbdf6fc-da61-4733-ae5d-d2f82d8b6cf5,UrbanGlow,364,true,Crystal-clear sound
5ffb52e2-b818-40a3-bba4-77f0f5a88aa5,SwiftTrade Emporium,618,false,Provides the perfect surface
d6cf51c3-608f-4054-a5a4-2aadef4425a9,VelvetBoutique Finds,604,true,Compact and energy-efficient
fc00839e-6b00-4ab0-a44c-f52df3d075e5,SwiftTrade Emporium,65,true,Compact and energy-efficient
f8591555-d19b-4123-8206-cc403470a0ed,QuantumGoods Co.,898,true,Enjoy the soothing scents
68a9c119-2efc-4ed5-afce-81ddd1080fe4,SwiftTrade Emporium,640,false,Crystal-clear sound
1cbb9c43-d948-46c5-8ec2-06269df88ad5,UrbanGlow,493,true,Compact and energy-efficient
56208967-1aae-479f-b1ae-fb9d9e02d68f,NovaCraft Retail,547,false,Stay connected and monitor your health
72c959bd-ef87-4ac3-9a79-471c665f8093,SwiftTrade Emporium,969,true,This eco-friendly and reusable bottle
3ae48d83-dbe2-4572-9745-f9d163ff207c,GoldenHarbor Emporium,225,false,Provides the perfect surface
f7cabaab-3c00-4b31-92ac-fb023ff27cfa,QuantumGoods Co.,998,true,This eco-friendly and reusable bottle
e0cefded-a92d-466f-9deb-629c103bf823,NovaCraft Retail,24,false,Compact and energy-efficient
99f34213-c645-4cd7-94a1-5db1ead33605,VelvetBoutique Finds,943,false,Enjoy the soothing scents
17888365-5d78-44bd-8559-a030d6ba0415,GoldenHarbor Emporium,782,true,Versatile and portable
c3d51724-bc6d-4920-b1e5-e476fa47a769,SwiftTrade Emporium,204,true,Provides the perfect surface
9540c0b9-a70e-4ccc-9f69-ac69c9323288,UrbanGlow,623,true,Stay connected and monitor your health
86c8f0d8-8693-4295-9889-888916701629,ElysianEssentials Sellers,63,false,Compact and energy-efficient
a9dd609a-9bbd-4026-8d67-03a3267f1c3f,QuantumGoods Co.,505,true,Enjoy the soothing scents
db146c0f-65d9-4e1f-8100-4ca5437a3a04,ElysianEssentials Sellers,176,false,Versatile and portable
c0aec2a4-fbf9-40ce-9f67-732ebe70b319,UrbanGlow,337,true,Enjoy the soothing scents
8b4c3232-8e54-4bfd-bf2e-5471030ee385,UrbanGlow,59,true,Enjoy the soothing scents
60ca9efc-2316-4660-a6b3-8947418aa2c8,QuantumGoods Co.,286,true,Compact and energy-efficient
f8ffe694-615e-46bf-ae4c-79f0dde75390,NovaCraft Retail,872,false,Crystal-clear sound
44287bba-b4a8-4239-94da-1981fb7a843c,NovaCraft Retail,581,true,Crystal-clear sound
090bff43-6195-4bcb-8d02-77e655c200a5,ElysianEssentials Sellers,384,true,Compact and energy-efficient
8dd7f355-6512-4e93-81bd-8da1de533afe,QuantumGoods Co.,165,true,Crystal-clear sound
9b36d42c-5f8d-45af-b26b-d294d80c9a84,GoldenHarbor Emporium,228,false,Crystal-clear sound
c8f49d1b-41e7-43b7-ba73-6b76279a0d14,ElysianEssentials Sellers,51,true,Compact and energy-efficient
516422a3-2ae7-434f-8f8b-c45172976358,UrbanGlow,925,false,Versatile and portable
a404f80b-b08b-4520-9b75-1cc36c44c62d,ElysianEssentials Sellers,669,true,Enjoy the soothing scents
2603042c-8cca-4e39-94c5-a86fde6068db,ElysianEssentials Sellers,113,true,Crystal-clear sound
75a9ed3f-c2fe-4bac-a9a5-17408a6c22ee,UrbanGlow,588,true,Provides the perfect surface
b3f3303d-3164-429d-b64e-bc62b6955fc0,NovaCraft Retail,493,true,Versatile and portable
4d1ce944-afc9-4635-a0f7-b5ecebc4f572,GoldenHarbor Emporium,62,true,Stay connected and monitor your health
0578bee3-3071-428f-af39-b61a03571c0c,VelvetBoutique Finds,747,true,Compact and energy-efficient
5809b684-12c4-478e-816b-42022e691182,QuantumGoods Co.,276,false,This eco-friendly and reusable bottle
810a2848-1056-4e8c-89e4-76b1ff1dd45c,UrbanGlow,790,false,Enjoy the soothing scents
771ad6ea-737e-4d72-b113-42d22e13d6dc,QuantumGoods Co.,895,false,Crystal-clear sound
c800f32f-370e-4ffc-bc57-75169c693011,GoldenHarbor Emporium,658,false,Versatile and portable
fba06fb9-2602-4499-8a9c-f019336d360a,QuantumGoods Co.,816,false,Provides the perfect surface
8e9da2ba-f8b7-4316-a801-332ed448aac3,ElysianEssentials Sellers,17,false,Versatile and portable
719da7fe-a34a-4317-bfc5-f29403804654,VelvetBoutique Finds,93,false,Crystal-clear sound
8995047f-6e32-4e93-99f9-74c3d78329bb,NovaCraft Retail,18,true,Compact and energy-efficient
ee1c120b-aebc-49e5-9a69-7a8c9991d744,UrbanGlow,532,true,Provides the perfect surface
17c54d72-0f3b-4b2c-9206-11749697b108,SwiftTrade Emporium,83,true,Stay connected and monitor your health
8d4c5ca2-332c-4df6-ad38-40e49502a130,QuantumGoods Co.,17,true,Enjoy the soothing scents
fe59f5d6-2c5b-4adc-b308-4ff50dcc567f,QuantumGoods Co.,77,false,This eco-friendly and reusable bottle
40c404d5-72e6-4763-b2f8-0531c2f8111e,UrbanGlow,742,false,Enjoy the soothing scents
3e9ae6b2-4931-4246-b4b3-2d5febc1b191,GoldenHarbor Emporium,240,false,Enjoy the soothing scents
848d2223-deb1-46e2-8ed6-60865bf1b578,UrbanGlow,88,false,Crystal-clear sound
36624dcc-66bb-4476-a4a4-06bd8defdfe3,ElysianEssentials Sellers,952,true,Provides the perfect surface
4fcb08d9-6414-437d-892e-0c8d941a3ae4,NovaCraft Retail,937,true,This eco-friendly and reusable bottle
6bff0465-5567-4948-b6af-fc61c89999f1,VelvetBoutique Finds,492,true,Compact and energy-efficient
7ba59bef-2f95-4524-b095-fafff29af23f,GoldenHarbor Emporium,274,true,Stay connected and monitor your health
2913998e-0c47-4cea-a44e-bc3fb609f192,SwiftTrade Emporium,395,false,Compact and energy-efficient
e004f1a7-6b41-4acb-9479-4d79ad40102d,SwiftTrade Emporium,965,false,Versatile and portable
a2e5eae5-4d37-4835-9978-09ab15dcf4f1,UrbanGlow,806,true,This eco-friendly and reusable bottle
9e38e64b-230e-487d-8d27-0642d5cd551f,VelvetBoutique Finds,487,true,Provides the perfect surface
a3931d27-571e-4e21-ab02-e82f09c5f2e4,UrbanGlow,656,false,Compact and energy-efficient
4e19a736-7f73-4936-80fa-c8dbddedbda0,ElysianEssentials Sellers,563,true,Enjoy the soothing scents
d61dc0e6-1d67-48dc-ba9b-5c00ed2dd644,VelvetBoutique Finds,601,false,Provides the perfect surface
558c0c92-1a68-4eb1-be13-56ebb0fa1947,GoldenHarbor Emporium,135,false,Compact and energy-efficient
4ce3b61a-f667-44ef-9d2f-1dff98ab793b,ElysianEssentials Sellers,591,false,Crystal-clear sound
c8c1cc5e-7bce-4ffc-8722-b9592d5a3d3e,ElysianEssentials Sellers,925,false,This eco-friendly and reusable bottle
45ae3f8e-0f37-4fc4-96a7-09344eb8e289,UrbanGlow,766,false,Crystal-clear sound
b87622f7-6962-4788-a993-eb3d2dd48387,QuantumGoods Co.,120,true,Enjoy the soothing scents
f8781517-30a9-41f0-a1d6-a184d0f8db9d,SwiftTrade Emporium,385,true,Versatile and portable
67c82e12-31d0-478e-b40f-7706d4a019f6,NovaCraft Retail,205,true,Stay connected and monitor your health
7a6f9d55-27f3-4728-b7c7-8727faba4832,GoldenHarbor Emporium,677,true,This eco-friendly and reusable bottle
